round_id,timestamp,player_id,team,event_type,x,y
1,100,Player_3,ATK,Death,457.17,437.96
1,100,Player_9,DEF,Utility,370.0,992.0
1,100,Player_5,ATK,Kill,499.28,486.23
1,100,Player_4,ATK,Move,132.94,185.45
1,100,Player_1,ATK,Kill,827.47,785.41
1,100,Player_3,ATK,Kill,709.15,804.86
1,100,Player_6,DEF,Utility,700.0,180.0
1,101,Player_5,ATK,Utility,110.0,616.0
1,102,Player_10,DEF,Death,205.02,242.73
1,102,Player_6,DEF,Death,172.46,275.72
1,102,Player_2,ATK,Utility,255.43,389.58
1,102,Player_5,ATK,Move,660.97,522.52
1,102,Player_4,ATK,Kill,191.26,200.5
1,102,Player_7,DEF,Death,206.08,128.23
1,103,Player_8,DEF,Death,849.83,783.58
1,103,Player_2,ATK,Kill,540.17,570.49
1,103,Player_4,ATK,Kill,306.88,236.42
1,104,Player_3,ATK,Kill,258.84,255.17
1,104,Player_6,DEF,Utility,607.17,521.07
1,104,Player_9,DEF,Utility,572.33,432.07
1,104,Player_2,ATK,Move,713.0,308.0
1,104,Player_7,DEF,Utility,106.18,252.27
1,104,Player_6,DEF,Kill,795.47,742.72
1,104,Player_10,DEF,Move,822.74,720.6
1,104,Player_4,ATK,Utility,399.55,436.15
1,105,Player_3,ATK,Kill,909.04,857.93
1,105,Player_6,DEF,Death,773.24,857.42
1,105,Player_2,ATK,Kill,868.12,771.5
1,105,Player_8,DEF,Death,327.82,250.22
1,105,Player_6,DEF,Utility,360.0,390.0
1,106,Player_5,ATK,Kill,820.98,765.14
1,106,Player_4,ATK,Utility,490.27,437.71
1,106,Player_2,ATK,Kill,263.83,169.28
1,107,Player_7,DEF,Move,805.38,816.62
1,107,Player_4,ATK,Death,217.99,275.59
1,107,Player_4,ATK,Move,245.75,36.0
1,107,Player_7,DEF,Move,258.0,753.0
1,107,Player_9,DEF,Death,657.16,500.79
1,108,Player_10,DEF,Death,805.35,791.03
1,108,Player_4,ATK,Kill,430.54,479.96
1,108,Player_9,DEF,Death,762.44,855.59
1,108,Player_7,DEF,Death,487.87,397.66
1,108,Player_2,ATK,Kill,698.53,809.4
1,108,Player_8,DEF,Utility,612.55,782.25
1,109,Player_1,ATK,Utility,401.38,389.3
1,109,Player_6,DEF,Utility,676.81,534.86
1,109,Player_7,DEF,Death,805.33,900.94
1,109,Player_3,ATK,Kill,403.05,523.27
1,109,Player_4,ATK,Kill,441.51,535.75
1,110,Player_7,DEF,Move,256.11,491.56
1,110,Player_5,ATK,Kill,523.44,531.08
1,110,Player_8,DEF,Move,323.3,180.78
1,111,Player_6,DEF,Move,487.15,406.34
1,111,Player_10,DEF,Kill,506.46,542.69
1,111,Player_5,ATK,Death,530.77,446.87
1,112,Player_2,ATK,Kill,243.47,180.05
1,112,Player_10,DEF,Move,12.0,203.0
1,112,Player_8,DEF,Kill,171.37,246.48
1,112,Player_5,ATK,Kill,259.04,246.79
1,112,Player_5,ATK,Death,510.9,540.53
1,112,Player_8,DEF,Kill,876.24,760.16
1,113,Player_4,ATK,Death,472.94,442.44
1,113,Player_9,DEF,Utility,729.6,964.22
1,113,Player_1,ATK,Kill,737.94,826.61
1,113,Player_2,ATK,Kill,190.98,174.19
1,113,Player_10,DEF,Death,477.39,440.65
1,113,Player_10,DEF,Utility,322.0,4.0
1,113,Player_7,DEF,Utility,116.0,927.0
1,113,Player_10,DEF,Move,470.76,480.55
1,114,Player_5,ATK,Kill,542.4,482.01
1,114,Player_1,ATK,Kill,483.12,513.46
1,114,Player_5,ATK,Kill,511.18,516.31
1,114,Player_7,DEF,Kill,172.66,168.75
1,114,Player_5,ATK,Utility,383.01,468.72
1,115,Player_7,DEF,Move,436.27,449.02
1,115,Player_9,DEF,Death,845.68,820.11
1,115,Player_7,DEF,Death,206.87,173.73
1,115,Player_4,ATK,Move,194.62,315.47
1,115,Player_3,ATK,Death,764.79,818.25
1,115,Player_10,DEF,Kill,506.87,528.9
1,115,Player_1,ATK,Utility,358.0,891.0
1,115,Player_2,ATK,Death,764.61,771.12
1,115,Player_9,DEF,Kill,866.56,773.89
1,115,Player_9,DEF,Utility,202.14,211.75
1,116,Player_4,ATK,Utility,643.39,646.86
1,116,Player_2,ATK,Kill,841.15,788.78
1,116,Player_6,DEF,Move,657.1,408.85
1,116,Player_1,ATK,Death,154.33,167.29
1,116,Player_6,DEF,Utility,209.09,298.84
1,116,Player_10,DEF,Utility,174.12,256.16
1,117,Player_6,DEF,Move,670.72,614.32
1,117,Player_9,DEF,Kill,142.14,329.03
1,118,Player_4,ATK,Utility,99.0,27.0
1,119,Player_3,ATK,Move,784.69,784.59
1,119,Player_8,DEF,Death,239.14,220.46
1,119,Player_5,ATK,Kill,804.67,893.48
1,120,Player_2,ATK,Move,677.1,580.79
1,120,Player_6,DEF,Utility,64.38,120.89
1,120,Player_7,DEF,Utility,342.1,546.89
1,120,Player_2,ATK,Kill,132.32,229.61
1,121,Player_6,DEF,Move,782.0,691.0
1,121,Player_6,DEF,Move,340.0,524.0
1,121,Player_8,DEF,Death,536.17,421.41
1,121,Player_10,DEF,Utility,475.23,497.18
1,121,Player_1,ATK,Move,486.12,423.78
1,122,Player_3,ATK,Move,306.0,645.0
1,122,Player_4,ATK,Utility,773.77,906.41
1,122,Player_1,ATK,Kill,245.62,191.82
1,122,Player_1,ATK,Utility,171.98,108.55
1,123,Player_3,ATK,Kill,150.42,250.77
1,123,Player_2,ATK,Move,1000.0,366.0
1,123,Player_8,DEF,Utility,191.51,222.63
1,123,Player_1,ATK,Move,345.0,288.0
1,123,Player_1,ATK,Move,825.69,859.65
1,123,Player_6,DEF,Utility,573.86,475.81
1,123,Player_2,ATK,Move,829.47,733.89
1,123,Player_4,ATK,Death,873.0,847.39
1,123,Player_8,DEF,Utility,415.81,624.31
1,123,Player_6,DEF,Utility,738.4,807.2
1,124,Player_6,DEF,Utility,947.0,399.0
1,124,Player_8,DEF,Move,699.65,628.56
1,124,Player_10,DEF,Move,75.0,116.0
1,124,Player_5,ATK,Death,475.58,559.75
1,124,Player_5,ATK,Utility,241.0,306.0
1,124,Player_10,DEF,Utility,140.71,0.0
1,124,Player_6,DEF,Kill,781.32,776.59
1,125,Player_9,DEF,Kill,506.72,469.62
1,125,Player_3,ATK,Utility,442.54,661.51
1,125,Player_10,DEF,Death,531.56,484.89
1,125,Player_3,ATK,Move,181.84,277.35
1,126,Player_7,DEF,Death,224.28,111.11
1,126,Player_4,ATK,Death,538.82,483.33
1,127,Player_3,ATK,Kill,190.08,107.91
1,127,Player_1,ATK,Kill,817.24,781.72
1,127,Player_3,ATK,Kill,181.4,221.58
1,128,Player_6,DEF,Kill,126.52,97.09
1,128,Player_3,ATK,Utility,397.64,558.03
1,128,Player_5,ATK,Utility,685.37,792.02
1,128,Player_1,ATK,Kill,219.6,199.25
1,128,Player_5,ATK,Kill,505.52,528.32
1,128,Player_7,DEF,Utility,219.69,487.21
1,129,Player_5,ATK,Utility,31.0,596.0
1,129,Player_1,ATK,Kill,471.88,447.71
1,129,Player_2,ATK,Death,503.92,501.45
1,129,Player_7,DEF,Move,186.59,96.7
1,129,Player_7,DEF,Utility,265.0,61.0
1,130,Player_1,ATK,Kill,581.21,493.42
1,130,Player_6,DEF,Kill,156.09,188.33
1,130,Player_10,DEF,Death,199.87,130.13
1,130,Player_1,ATK,Move,823.0,854.0
1,130,Player_1,ATK,Kill,734.41,788.64
1,130,Player_6,DEF,Utility,620.0,921.0
1,130,Player_8,DEF,Kill,870.59,795.95
1,131,Player_8,DEF,Utility,625.66,563.01
1,131,Player_2,ATK,Kill,740.17,855.6
1,131,Player_7,DEF,Utility,568.72,551.11
1,131,Player_9,DEF,Death,166.57,94.51
1,131,Player_4,ATK,Kill,825.74,909.06
1,131,Player_4,ATK,Move,433.4,566.75
1,132,Player_7,DEF,Utility,371.68,480.4
1,132,Player_5,ATK,Death,267.63,182.33
1,132,Player_8,DEF,Death,573.36,470.23
1,133,Player_7,DEF,Utility,279.26,160.51
1,133,Player_8,DEF,Move,302.23,242.31
1,133,Player_10,DEF,Kill,158.8,164.0
1,133,Player_10,DEF,Kill,162.32,259.97
1,133,Player_6,DEF,Death,521.89,378.66
1,133,Player_10,DEF,Kill,750.07,806.27
1,133,Player_6,DEF,Kill,370.99,474.81
1,134,Player_9,DEF,Kill,125.5,216.59
1,134,Player_9,DEF,Kill,238.38,205.27
1,134,Player_8,DEF,Move,716.8,552.29
1,134,Player_3,ATK,Kill,801.42,784.78
1,134,Player_9,DEF,Utility,266.79,329.22
1,134,Player_7,DEF,Kill,561.52,596.45
1,134,Player_6,DEF,Kill,498.93,589.71
1,135,Player_3,ATK,Death,517.94,592.82
1,135,Player_2,ATK,Kill,743.04,816.93
1,135,Player_9,DEF,Utility,77.95,175.86
1,135,Player_10,DEF,Move,423.61,275.53
1,135,Player_9,DEF,Kill,801.16,722.16
1,135,Player_10,DEF,Utility,624.48,576.46
1,136,Player_2,ATK,Death,543.72,536.8
1,136,Player_10,DEF,Utility,446.48,490.27
1,136,Player_2,ATK,Move,761.0,538.0
1,136,Player_10,DEF,Kill,189.41,175.4
1,136,Player_7,DEF,Death,913.95,797.04
1,136,Player_9,DEF,Kill,539.84,442.67
1,137,Player_3,ATK,Move,174.0,458.0
1,137,Player_4,ATK,Utility,445.0,545.0
1,137,Player_4,ATK,Death,168.09,144.82
1,138,Player_8,DEF,Move,464.11,519.97
1,138,Player_5,ATK,Utility,921.0,525.0
1,138,Player_8,DEF,Kill,824.12,827.9
1,139,Player_6,DEF,Kill,796.85,793.69
1,139,Player_7,DEF,Move,218.0,30.0
1,139,Player_7,DEF,Kill,551.14,526.63
1,139,Player_3,ATK,Utility,639.82,457.61
1,139,Player_3,ATK,Utility,319.56,615.67
1,139,Player_2,ATK,Death,405.56,539.99
1,139,Player_1,ATK,Move,570.0,7.0
1,140,Player_5,ATK,Move,36.0,591.0
1,140,Player_6,DEF,Kill,612.62,540.77
1,140,Player_10,DEF,Move,24.0,284.0
1,140,Player_3,ATK,Move,400.22,573.94
1,140,Player_9,DEF,Kill,477.8,402.12
1,141,Player_10,DEF,Kill,549.39,508.13
1,141,Player_8,DEF,Move,650.84,596.68
1,141,Player_6,DEF,Move,258.71,155.59
1,142,Player_7,DEF,Move,289.88,397.61
1,143,Player_8,DEF,Utility,224.0,572.0
1,143,Player_6,DEF,Death,251.24,235.13
1,143,Player_2,ATK,Death,830.28,727.39
1,143,Player_10,DEF,Kill,448.71,530.84
1,143,Player_9,DEF,Kill,450.25,492.31
1,144,Player_5,ATK,Utility,790.58,853.66
1,144,Player_9,DEF,Death,469.77,498.49
1,144,Player_8,DEF,Kill,790.24,792.96
1,144,Player_4,ATK,Move,708.21,572.73
1,144,Player_4,ATK,Death,561.16,556.06
1,145,Player_7,DEF,Move,562.0,682.0
1,145,Player_10,DEF,Death,805.9,741.3
1,145,Player_7,DEF,Move,558.96,481.95
1,145,Player_6,DEF,Death,191.33,272.55
1,145,Player_9,DEF,Utility,254.0,434.0
1,145,Player_8,DEF,Death,203.41,100.2
1,146,Player_3,ATK,Utility,531.83,563.96
1,146,Player_5,ATK,Move,830.04,696.17
1,146,Player_2,ATK,Utility,487.27,448.41
1,146,Player_8,DEF,Kill,199.82,174.03
1,146,Player_4,ATK,Kill,788.54,797.99
1,147,Player_10,DEF,Kill,485.52,539.68
1,147,Player_6,DEF,Utility,631.53,554.3
1,147,Player_3,ATK,Move,451.98,395.33
1,147,Player_7,DEF,Utility,111.0,970.0
1,148,Player_4,ATK,Move,444.71,302.17
1,148,Player_1,ATK,Kill,220.28,214.04
1,148,Player_6,DEF,Kill,546.74,547.72
1,148,Player_2,ATK,Kill,514.83,490.19
1,148,Player_7,DEF,Death,466.92,440.97
1,149,Player_2,ATK,Utility,710.5,693.07
1,149,Player_5,ATK,Utility,747.61,742.66
1,149,Player_4,ATK,Kill,554.31,497.61
1,150,Player_5,ATK,Move,445.46,309.09
1,150,Player_8,DEF,Move,496.83,557.75
1,151,Player_5,ATK,Kill,590.81,495.89
1,151,Player_10,DEF,Death,521.48,441.07
1,151,Player_4,ATK,Utility,932.57,863.3
1,152,Player_1,ATK,Death,209.77,221.98
1,152,Player_7,DEF,Move,774.07,904.06
1,152,Player_10,DEF,Move,94.85,277.72
1,152,Player_6,DEF,Move,394.94,512.28
1,152,Player_7,DEF,Death,170.01,148.16
1,152,Player_4,ATK,Death,780.53,782.26
1,152,Player_10,DEF,Kill,480.42,542.22
1,154,Player_7,DEF,Death,761.44,824.48
1,154,Player_8,DEF,Kill,202.32,211.82
1,154,Player_10,DEF,Utility,171.41,309.45
1,154,Player_4,ATK,Death,702.45,903.23
1,154,Player_2,ATK,Utility,710.7,887.28
1,154,Player_7,DEF,Death,226.67,221.59
1,155,Player_7,DEF,Move,98.0,802.0
1,155,Player_6,DEF,Death,907.37,875.69
1,155,Player_4,ATK,Move,650.33,632.04
1,156,Player_3,ATK,Move,432.64,512.71
1,156,Player_2,ATK,Kill,450.66,545.22
1,156,Player_2,ATK,Death,119.93,223.25
1,156,Player_7,DEF,Utility,249.0,946.0
1,156,Player_6,DEF,Utility,736.42,761.3
1,156,Player_10,DEF,Utility,355.85,412.01
1,156,Player_2,ATK,Kill,274.34,130.22
1,157,Player_8,DEF,Move,732.65,453.95
1,157,Player_8,DEF,Utility,187.45,186.36
1,158,Player_7,DEF,Move,728.0,643.0
1,158,Player_6,DEF,Move,54.0,375.0
1,158,Player_1,ATK,Utility,543.8,360.09
1,158,Player_3,ATK,Utility,395.74,558.48
1,158,Player_8,DEF,Move,0.0,313.71
1,158,Player_6,DEF,Death,181.6,262.6
1,158,Player_2,ATK,Death,182.06,265.45
1,158,Player_2,ATK,Utility,646.0,31.0
1,158,Player_2,ATK,Kill,505.53,457.03
1,159,Player_8,DEF,Death,832.23,792.32
1,159,Player_7,DEF,Death,850.75,661.24
1,159,Player_10,DEF,Kill,712.97,795.05
1,159,Player_8,DEF,Utility,268.0,489.0
1,159,Player_1,ATK,Move,692.95,621.18
1,159,Player_9,DEF,Death,488.19,471.46
1,159,Player_5,ATK,Utility,364.81,324.79
1,159,Player_7,DEF,Move,725.0,229.0
1,159,Player_9,DEF,Move,221.0,919.0
1,159,Player_5,ATK,Kill,198.39,230.47
1,159,Player_6,DEF,Kill,513.23,474.0
1,159,Player_6,DEF,Move,518.0,812.0
1,159,Player_2,ATK,Move,321.86,251.44
1,159,Player_10,DEF,Move,382.0,675.0
1,160,Player_2,ATK,Death,451.91,488.76
1,160,Player_5,ATK,Move,573.88,468.56
1,160,Player_7,DEF,Utility,630.09,849.67
1,160,Player_7,DEF,Move,21.99,224.01
1,160,Player_1,ATK,Death,218.44,147.23
1,160,Player_3,ATK,Kill,781.0,853.3
1,161,Player_9,DEF,Kill,754.0,801.57
1,161,Player_3,ATK,Death,412.88,532.88
1,161,Player_10,DEF,Kill,135.75,161.77
1,161,Player_5,ATK,Utility,256.2,503.71
1,161,Player_2,ATK,Death,253.43,204.55
1,161,Player_1,ATK,Utility,886.0,706.0
1,161,Player_10,DEF,Death,212.75,159.71
1,161,Player_8,DEF,Utility,976.0,320.0
1,161,Player_2,ATK,Kill,179.71,115.34
1,161,Player_4,ATK,Utility,263.87,329.11
1,161,Player_5,ATK,Kill,234.52,311.84
1,161,Player_2,ATK,Utility,74.35,186.78
1,161,Player_3,ATK,Move,611.68,352.77
1,162,Player_5,ATK,Death,178.92,155.4
1,162,Player_10,DEF,Move,416.0,457.0
1,162,Player_8,DEF,Utility,914.0,38.0
1,162,Player_6,DEF,Kill,782.61,836.38
1,163,Player_9,DEF,Move,190.84,297.51
1,163,Player_9,DEF,Move,706.0,349.0
1,163,Player_10,DEF,Move,849.0,642.0
1,163,Player_4,ATK,Move,554.0,894.0
1,163,Player_2,ATK,Kill,548.11,432.86
1,163,Player_8,DEF,Death,713.4,785.85
1,163,Player_10,DEF,Death,256.14,148.3
1,163,Player_5,ATK,Move,336.63,444.21
1,164,Player_5,ATK,Kill,711.71,777.64
1,164,Player_1,ATK,Death,806.28,782.86
1,164,Player_5,ATK,Death,187.88,265.59
1,164,Player_6,DEF,Death,174.96,230.51
1,164,Player_6,DEF,Kill,206.14,241.11
1,164,Player_8,DEF,Death,783.83,835.83
1,165,Player_8,DEF,Move,126.54,87.26
1,165,Player_9,DEF,Death,232.24,211.7
1,165,Player_3,ATK,Kill,550.61,454.09
1,165,Player_2,ATK,Move,900.0,772.0
1,165,Player_2,ATK,Utility,324.88,445.94
1,165,Player_2,ATK,Death,235.84,208.19
1,166,Player_5,ATK,Utility,205.0,541.0
1,166,Player_5,ATK,Move,408.0,799.0
1,166,Player_5,ATK,Utility,680.82,860.88
1,166,Player_4,ATK,Kill,427.17,416.14
1,166,Player_7,DEF,Move,192.3,257.72
1,166,Player_6,DEF,Move,935.19,739.09
1,167,Player_9,DEF,Move,759.0,111.0
1,167,Player_8,DEF,Utility,764.0,242.0
1,167,Player_3,ATK,Kill,561.7,601.63
1,167,Player_1,ATK,Utility,739.03,938.91
1,168,Player_5,ATK,Utility,782.92,874.06
1,168,Player_3,ATK,Kill,894.38,801.31
1,168,Player_8,DEF,Utility,686.42,646.79
1,168,Player_2,ATK,Utility,170.84,276.38
1,168,Player_1,ATK,Kill,880.36,735.34
1,168,Player_5,ATK,Death,445.1,488.16
1,169,Player_4,ATK,Move,191.95,217.73
1,169,Player_2,ATK,Move,996.0,677.0
1,169,Player_7,DEF,Death,533.2,520.51
1,169,Player_9,DEF,Utility,795.0,597.0
1,169,Player_9,DEF,Death,252.68,222.73
1,169,Player_2,ATK,Kill,504.48,528.83
1,169,Player_5,ATK,Move,826.0,352.0
1,169,Player_8,DEF,Utility,97.74,236.7
1,169,Player_4,ATK,Move,493.51,558.17
1,170,Player_7,DEF,Kill,221.16,174.1
1,170,Player_3,ATK,Utility,719.0,892.0
1,170,Player_2,ATK,Kill,203.43,139.97
1,170,Player_9,DEF,Death,165.28,227.05
1,170,Player_2,ATK,Death,96.7,246.0
1,170,Player_2,ATK,Death,809.41,757.26
1,170,Player_6,DEF,Kill,231.76,229.47
1,170,Player_8,DEF,Utility,879.69,697.65
1,170,Player_8,DEF,Death,424.05,512.32
1,170,Player_3,ATK,Kill,781.59,838.59
1,171,Player_1,ATK,Move,514.4,348.44
1,171,Player_8,DEF,Move,664.37,615.3
1,171,Player_2,ATK,Utility,766.46,592.05
1,171,Player_2,ATK,Utility,151.53,198.75
1,171,Player_1,ATK,Kill,539.25,509.46
1,172,Player_10,DEF,Kill,558.5,446.55
1,172,Player_1,ATK,Utility,852.0,918.0
1,172,Player_7,DEF,Utility,718.51,537.7
1,172,Player_10,DEF,Move,559.96,705.15
1,172,Player_10,DEF,Kill,785.67,857.73
1,172,Player_7,DEF,Utility,243.0,377.0
1,173,Player_7,DEF,Utility,716.71,936.87
1,173,Player_2,ATK,Kill,867.13,723.2
1,174,Player_9,DEF,Kill,261.66,234.54
1,174,Player_3,ATK,Kill,148.55,179.47
1,175,Player_1,ATK,Death,544.72,430.98
1,175,Player_3,ATK,Utility,438.64,462.24
1,175,Player_6,DEF,Utility,631.25,606.64
1,176,Player_4,ATK,Move,255.56,326.63
1,176,Player_5,ATK,Kill,233.52,238.82
1,176,Player_8,DEF,Kill,264.12,233.69
1,177,Player_10,DEF,Move,755.0,997.0
1,177,Player_2,ATK,Move,560.13,361.89
1,177,Player_10,DEF,Utility,791.39,499.62
1,177,Player_6,DEF,Utility,900.96,721.61
1,177,Player_10,DEF,Death,237.34,176.62
1,177,Player_9,DEF,Death,481.18,630.65
1,178,Player_8,DEF,Utility,351.38,437.31
1,178,Player_3,ATK,Death,148.46,208.63
1,178,Player_2,ATK,Utility,83.22,200.06
1,178,Player_1,ATK,Kill,233.01,57.33
1,179,Player_7,DEF,Death,217.41,204.46
1,179,Player_9,DEF,Move,373.7,436.21
1,179,Player_8,DEF,Utility,210.91,192.92
1,179,Player_1,ATK,Kill,235.49,92.45
1,180,Player_9,DEF,Move,484.0,113.0
1,180,Player_5,ATK,Utility,548.07,570.5
1,180,Player_1,ATK,Move,755.0,710.0
1,180,Player_5,ATK,Kill,498.8,487.55
1,180,Player_8,DEF,Utility,767.47,666.02
1,181,Player_3,ATK,Move,649.37,607.8
1,181,Player_10,DEF,Utility,446.27,525.52
1,181,Player_5,ATK,Death,238.1,187.37
1,182,Player_5,ATK,Move,242.22,266.16
1,182,Player_6,DEF,Move,177.48,227.43
1,182,Player_9,DEF,Utility,601.5,498.28
1,182,Player_10,DEF,Death,509.13,453.36
1,182,Player_6,DEF,Move,648.27,685.07
1,183,Player_8,DEF,Utility,573.0,441.0
1,183,Player_1,ATK,Utility,473.39,491.53
1,183,Player_5,ATK,Move,730.8,853.29
1,184,Player_5,ATK,Move,717.0,590.0
1,184,Player_9,DEF,Kill,291.94,210.5
1,184,Player_6,DEF,Kill,200.03,279.42
1,184,Player_3,ATK,Utility,284.98,444.33
1,184,Player_4,ATK,Utility,393.47,344.3
1,184,Player_10,DEF,Move,269.12,138.85
1,184,Player_5,ATK,Kill,233.79,164.27
1,184,Player_1,ATK,Move,544.46,587.92
1,185,Player_9,DEF,Kill,177.52,188.05
1,185,Player_3,ATK,Kill,57.96,200.2
1,185,Player_6,DEF,Death,234.04,243.57
1,185,Player_2,ATK,Move,597.81,478.17
1,185,Player_7,DEF,Move,398.99,398.99
1,186,Player_7,DEF,Kill,260.24,169.4
1,186,Player_10,DEF,Kill,784.92,811.67
1,186,Player_4,ATK,Move,968.88,601.45
1,186,Player_6,DEF,Utility,174.7,317.56
1,186,Player_9,DEF,Utility,319.4,239.82
1,186,Player_6,DEF,Move,575.0,772.0
1,186,Player_8,DEF,Kill,495.26,589.19
1,187,Player_9,DEF,Death,498.94,405.53
1,187,Player_1,ATK,Death,166.18,221.27
1,187,Player_9,DEF,Utility,416.72,522.57
1,188,Player_9,DEF,Death,193.23,245.43
1,188,Player_7,DEF,Death,258.85,248.96
1,188,Player_8,DEF,Kill,426.11,455.52
1,189,Player_9,DEF,Death,752.81,760.13
1,189,Player_5,ATK,Move,682.29,823.33
1,189,Player_9,DEF,Move,189.0,965.0
1,190,Player_4,ATK,Move,211.87,418.99
1,190,Player_9,DEF,Utility,489.14,464.19
1,190,Player_8,DEF,Kill,113.26,151.03
1,190,Player_8,DEF,Death,577.36,499.38
1,190,Player_2,ATK,Utility,552.63,515.23
1,191,Player_7,DEF,Utility,108.0,628.0
1,192,Player_3,ATK,Utility,333.0,721.0
1,192,Player_10,DEF,Kill,488.66,486.6
1,192,Player_9,DEF,Utility,646.47,660.29
1,193,Player_9,DEF,Utility,819.78,817.78
1,193,Player_1,ATK,Death,822.27,811.77
1,193,Player_7,DEF,Utility,137.0,966.0
1,194,Player_2,ATK,Death,824.24,795.52
1,194,Player_7,DEF,Kill,524.13,526.38
1,194,Player_4,ATK,Kill,828.73,776.88
1,194,Player_10,DEF,Utility,379.0,425.0
1,194,Player_8,DEF,Kill,553.09,538.71
1,194,Player_7,DEF,Move,236.79,284.34
1,194,Player_1,ATK,Utility,236.17,423.85
1,195,Player_8,DEF,Move,389.17,559.98
1,195,Player_10,DEF,Move,99.0,339.0
1,195,Player_2,ATK,Kill,518.31,515.18
1,195,Player_1,ATK,Kill,837.38,784.22
1,196,Player_8,DEF,Move,550.0,725.0
1,196,Player_8,DEF,Move,434.0,292.0
1,196,Player_6,DEF,Death,129.14,180.41
1,196,Player_8,DEF,Move,541.34,719.01
1,196,Player_8,DEF,Kill,490.78,473.5
1,196,Player_9,DEF,Kill,687.07,683.31
1,196,Player_2,ATK,Utility,77.0,208.0
1,197,Player_2,ATK,Death,253.7,120.55
1,197,Player_1,ATK,Utility,897.13,808.0
1,197,Player_3,ATK,Kill,366.41,468.54
1,197,Player_1,ATK,Kill,731.09,901.95
1,197,Player_7,DEF,Death,137.85,145.18
1,197,Player_5,ATK,Kill,515.08,434.96
1,198,Player_9,DEF,Death,561.02,491.64
1,198,Player_7,DEF,Move,553.18,650.88
1,198,Player_4,ATK,Death,144.71,118.84
1,198,Player_5,ATK,Death,833.16,853.2
1,198,Player_3,ATK,Death,502.56,528.52
1,199,Player_3,ATK,Kill,785.32,770.21
1,199,Player_10,DEF,Kill,519.8,471.11
1,199,Player_1,ATK,Death,193.97,217.03
1,199,Player_10,DEF,Move,626.0,915.0
1,199,Player_9,DEF,Kill,705.64,804.36
2,200,Player_9,DEF,Utility,284.0,399.0
2,200,Player_2,ATK,Kill,269.52,187.44
2,200,Player_8,DEF,Kill,206.96,110.45
2,200,Player_8,DEF,Utility,208.83,186.89
2,201,Player_10,DEF,Kill,491.51,497.84
2,201,Player_3,ATK,Utility,382.36,502.63
2,201,Player_2,ATK,Move,273.24,380.47
2,201,Player_5,ATK,Utility,38.0,489.0
2,201,Player_5,ATK,Death,199.6,153.2
2,201,Player_8,DEF,Death,779.47,845.7
2,201,Player_9,DEF,Utility,743.9,532.44
2,201,Player_7,DEF,Kill,176.43,241.81
2,202,Player_6,DEF,Death,258.33,189.52
2,202,Player_4,ATK,Move,642.82,757.29
2,202,Player_1,ATK,Utility,900.0,819.0
2,202,Player_5,ATK,Death,126.74,132.6
2,202,Player_7,DEF,Death,489.21,466.82
2,203,Player_1,ATK,Move,215.95,72.84
2,203,Player_5,ATK,Move,306.0,286.0
2,203,Player_1,ATK,Death,214.78,192.16
2,203,Player_9,DEF,Move,196.95,199.29
2,203,Player_7,DEF,Kill,489.92,455.46
2,203,Player_7,DEF,Utility,361.3,455.54
2,203,Player_2,ATK,Utility,877.0,964.0
2,204,Player_4,ATK,Utility,525.91,455.28
2,204,Player_7,DEF,Utility,289.3,156.51
2,204,Player_2,ATK,Death,576.94,543.87
2,204,Player_10,DEF,Move,564.07,480.95
2,204,Player_3,ATK,Death,584.04,544.2
2,205,Player_7,DEF,Utility,274.95,334.74
2,205,Player_8,DEF,Move,723.18,930.39
2,205,Player_8,DEF,Death,257.17,255.65
2,205,Player_7,DEF,Move,730.0,931.0
2,205,Player_10,DEF,Kill,846.72,777.7
2,205,Player_9,DEF,Move,348.0,652.0
2,205,Player_7,DEF,Death,827.37,808.89
2,205,Player_5,ATK,Kill,108.0,183.65
2,206,Player_5,ATK,Death,207.46,158.12
2,206,Player_3,ATK,Move,186.7,155.78
2,206,Player_1,ATK,Kill,135.05,234.96
2,206,Player_9,DEF,Kill,851.38,766.63
2,207,Player_6,DEF,Death,889.25,732.18
2,207,Player_5,ATK,Kill,193.16,309.33
2,207,Player_9,DEF,Death,206.87,207.26
2,207,Player_8,DEF,Kill,467.1,469.19
2,208,Player_2,ATK,Utility,819.44,771.84
2,208,Player_5,ATK,Move,33.91,176.4
2,208,Player_5,ATK,Utility,878.0,423.0
2,208,Player_7,DEF,Death,651.72,770.21
2,209,Player_2,ATK,Move,436.03,603.96
2,209,Player_8,DEF,Move,52.0,794.0
2,209,Player_5,ATK,Utility,294.1,209.41
2,210,Player_6,DEF,Death,433.58,450.3
2,210,Player_1,ATK,Utility,160.01,137.63
2,210,Player_9,DEF,Kill,723.74,785.28
2,210,Player_3,ATK,Death,506.39,596.89
2,210,Player_6,DEF,Death,237.11,173.47
2,210,Player_5,ATK,Kill,248.15,276.24
2,210,Player_6,DEF,Move,683.7,547.76
2,210,Player_4,ATK,Death,453.23,547.8
2,210,Player_1,ATK,Kill,796.57,838.49
2,211,Player_2,ATK,Move,847.18,844.11
2,211,Player_6,DEF,Utility,512.93,500.79
2,211,Player_3,ATK,Death,455.77,536.58
2,211,Player_9,DEF,Death,815.4,852.75
2,211,Player_10,DEF,Kill,154.98,135.86
2,211,Player_6,DEF,Kill,428.49,417.29
2,212,Player_7,DEF,Move,466.95,502.41
2,212,Player_1,ATK,Kill,468.48,523.43
2,212,Player_3,ATK,Kill,477.31,535.32
2,212,Player_2,ATK,Move,677.0,355.0
2,212,Player_9,DEF,Utility,807.61,854.25
2,213,Player_1,ATK,Kill,756.75,829.24
2,213,Player_10,DEF,Utility,962.0,988.0
2,213,Player_10,DEF,Move,709.0,230.0
2,213,Player_6,DEF,Kill,493.46,521.57
2,213,Player_7,DEF,Kill,200.64,102.34
2,213,Player_4,ATK,Death,198.22,154.33
2,213,Player_3,ATK,Kill,497.34,457.06
2,213,Player_2,ATK,Kill,497.33,599.53
2,214,Player_8,DEF,Kill,833.56,783.22
2,214,Player_6,DEF,Death,459.36,510.36
2,214,Player_3,ATK,Death,550.09,457.45
2,214,Player_9,DEF,Death,835.54,765.24
2,214,Player_5,ATK,Kill,758.88,816.92
2,214,Player_4,ATK,Death,514.07,565.73
2,214,Player_9,DEF,Utility,483.0,442.0
2,215,Player_7,DEF,Kill,856.47,761.65
2,215,Player_4,ATK,Move,401.53,421.59
2,215,Player_5,ATK,Death,268.27,167.89
2,215,Player_9,DEF,Utility,320.0,375.0
2,215,Player_6,DEF,Kill,186.12,235.53
2,215,Player_2,ATK,Move,819.58,827.14
2,215,Player_1,ATK,Kill,430.34,528.97
2,216,Player_5,ATK,Utility,713.21,869.14
2,216,Player_9,DEF,Utility,0.0,287.41
2,216,Player_10,DEF,Death,560.83,504.86
2,216,Player_1,ATK,Kill,468.53,492.94
2,216,Player_7,DEF,Kill,781.22,782.8
2,217,Player_10,DEF,Move,843.0,31.0
2,217,Player_2,ATK,Utility,98.0,109.0
2,217,Player_7,DEF,Move,723.65,550.87
2,217,Player_7,DEF,Utility,666.35,587.16
2,218,Player_2,ATK,Move,759.0,23.0
2,218,Player_8,DEF,Death,160.18,189.35
2,218,Player_4,ATK,Death,192.56,192.15
2,219,Player_1,ATK,Move,758.78,659.04
2,219,Player_8,DEF,Utility,552.0,552.0
2,219,Player_7,DEF,Utility,203.33,176.83
2,220,Player_7,DEF,Utility,531.52,517.3
2,220,Player_10,DEF,Death,532.11,507.73
2,220,Player_1,ATK,Utility,454.0,270.0
2,220,Player_9,DEF,Death,526.33,523.91
2,220,Player_8,DEF,Kill,279.51,155.09
2,220,Player_5,ATK,Utility,15.0,959.0
2,220,Player_8,DEF,Kill,518.62,436.86
2,220,Player_9,DEF,Death,781.0,762.29
2,220,Player_3,ATK,Kill,498.09,531.31
2,221,Player_10,DEF,Kill,233.02,155.95
2,221,Player_6,DEF,Utility,892.0,925.0
2,221,Player_8,DEF,Kill,121.8,198.34
2,221,Player_6,DEF,Utility,582.0,10.0
2,221,Player_3,ATK,Kill,501.18,536.21
2,221,Player_6,DEF,Utility,462.0,713.0
2,221,Player_9,DEF,Kill,575.75,584.89
2,221,Player_1,ATK,Death,790.75,782.9
2,221,Player_7,DEF,Death,536.24,499.9
2,222,Player_8,DEF,Death,212.27,96.45
2,222,Player_1,ATK,Utility,636.43,697.68
2,222,Player_5,ATK,Death,201.56,272.58
2,222,Player_1,ATK,Move,631.0,500.0
2,222,Player_8,DEF,Move,216.77,253.68
2,222,Player_7,DEF,Move,393.0,803.0
2,223,Player_10,DEF,Kill,235.18,223.57
2,223,Player_9,DEF,Death,767.76,816.29
2,223,Player_8,DEF,Death,791.83,822.67
2,223,Player_5,ATK,Kill,187.39,253.2
2,223,Player_6,DEF,Utility,364.0,136.0
2,223,Player_8,DEF,Kill,453.16,535.97
2,223,Player_4,ATK,Utility,191.0,939.0
2,223,Player_5,ATK,Utility,163.0,395.0
2,224,Player_5,ATK,Death,721.94,894.46
2,224,Player_4,ATK,Move,511.62,487.86
2,224,Player_1,ATK,Move,530.99,519.5
2,225,Player_1,ATK,Death,796.87,799.15
2,225,Player_9,DEF,Move,137.46,37.04
2,225,Player_5,ATK,Kill,266.68,253.61
2,225,Player_9,DEF,Kill,148.19,169.61
2,225,Player_4,ATK,Death,510.45,505.18
2,226,Player_4,ATK,Death,799.92,733.46
2,226,Player_9,DEF,Utility,34.0,831.0
2,226,Player_4,ATK,Move,938.0,467.0
2,226,Player_3,ATK,Utility,812.61,688.5
2,226,Player_3,ATK,Move,716.48,816.56
2,227,Player_3,ATK,Utility,597.66,609.63
2,227,Player_8,DEF,Kill,227.8,185.74
2,227,Player_10,DEF,Death,518.34,426.35
2,228,Player_5,ATK,Move,687.63,524.03
2,228,Player_2,ATK,Move,439.59,423.07
2,228,Player_3,ATK,Death,140.4,137.2
2,228,Player_9,DEF,Death,858.48,759.02
2,228,Player_6,DEF,Move,283.0,870.0
2,229,Player_4,ATK,Death,261.12,285.18
2,229,Player_9,DEF,Death,797.25,827.83
2,229,Player_4,ATK,Death,744.12,755.29
2,229,Player_2,ATK,Death,174.15,162.4
2,229,Player_10,DEF,Death,180.63,220.13
2,229,Player_2,ATK,Move,251.0,84.0
2,229,Player_2,ATK,Kill,256.25,255.74
2,230,Player_9,DEF,Death,896.13,845.48
2,230,Player_6,DEF,Death,173.91,137.8
2,230,Player_5,ATK,Utility,720.28,804.44
2,230,Player_5,ATK,Death,243.29,110.07
2,230,Player_1,ATK,Utility,857.51,748.34
2,231,Player_2,ATK,Kill,817.15,800.13
2,231,Player_4,ATK,Kill,761.25,784.96
2,232,Player_7,DEF,Move,447.95,454.34
2,232,Player_3,ATK,Kill,154.21,171.23
2,232,Player_7,DEF,Kill,509.34,450.45
2,233,Player_10,DEF,Utility,131.11,247.31
2,233,Player_8,DEF,Kill,817.96,805.51
2,233,Player_1,ATK,Move,560.67,735.54
2,233,Player_8,DEF,Utility,852.51,990.56
2,233,Player_2,ATK,Move,648.0,940.0
2,233,Player_4,ATK,Death,481.27,503.09
2,233,Player_5,ATK,Move,721.15,910.75
2,234,Player_6,DEF,Death,830.05,750.09
2,234,Player_1,ATK,Move,928.0,752.0
2,234,Player_9,DEF,Utility,678.65,669.69
2,234,Player_8,DEF,Kill,168.03,204.7
2,234,Player_6,DEF,Utility,755.17,556.17
2,235,Player_9,DEF,Death,573.05,431.05
2,235,Player_8,DEF,Utility,25.0,661.0
2,235,Player_2,ATK,Death,219.32,219.15
2,235,Player_7,DEF,Move,187.79,230.32
2,235,Player_1,ATK,Kill,157.67,186.72
2,236,Player_8,DEF,Utility,219.88,411.31
2,236,Player_6,DEF,Move,596.48,585.78
2,236,Player_5,ATK,Kill,535.17,525.71
2,236,Player_9,DEF,Kill,772.62,829.4
2,236,Player_5,ATK,Death,280.35,308.46
2,237,Player_3,ATK,Kill,516.89,480.99
2,237,Player_6,DEF,Death,506.37,478.12
2,237,Player_6,DEF,Utility,415.0,765.0
2,238,Player_8,DEF,Move,621.0,83.0
2,238,Player_7,DEF,Death,789.5,798.27
2,238,Player_3,ATK,Death,200.52,189.2
2,238,Player_2,ATK,Death,762.16,825.72
2,238,Player_8,DEF,Kill,516.16,448.96
2,238,Player_3,ATK,Utility,286.0,68.0
2,239,Player_9,DEF,Death,776.82,883.32
2,239,Player_2,ATK,Death,853.03,817.12
2,239,Player_2,ATK,Move,337.09,382.13
2,239,Player_4,ATK,Move,718.45,511.5
2,239,Player_2,ATK,Move,198.87,167.04
2,240,Player_3,ATK,Move,817.19,763.48
2,240,Player_5,ATK,Move,465.0,791.0
2,240,Player_6,DEF,Move,432.0,360.0
2,240,Player_9,DEF,Utility,822.01,684.11
2,241,Player_6,DEF,Death,797.96,789.72
2,241,Player_7,DEF,Move,11.0,457.0
2,242,Player_8,DEF,Move,698.0,730.0
2,242,Player_2,ATK,Kill,290.45,150.18
2,242,Player_4,ATK,Kill,419.37,473.5
2,243,Player_8,DEF,Kill,785.87,827.3
2,243,Player_4,ATK,Utility,663.2,788.1
2,243,Player_9,DEF,Move,610.22,437.99
2,243,Player_6,DEF,Kill,272.34,193.48
2,243,Player_10,DEF,Death,224.87,247.42
2,243,Player_4,ATK,Kill,227.81,163.72
2,243,Player_9,DEF,Utility,792.0,241.0
2,243,Player_1,ATK,Utility,714.55,636.32
2,243,Player_9,DEF,Utility,607.98,666.4
2,243,Player_8,DEF,Utility,663.93,592.14
2,244,Player_2,ATK,Utility,708.68,561.29
2,244,Player_3,ATK,Utility,47.0,387.0
2,244,Player_6,DEF,Utility,670.34,576.52
2,245,Player_4,ATK,Death,515.99,582.82
2,245,Player_8,DEF,Move,967.0,663.0
2,245,Player_5,ATK,Kill,489.17,493.01
2,245,Player_4,ATK,Death,793.53,765.76
2,245,Player_2,ATK,Utility,854.67,720.36
2,245,Player_1,ATK,Move,636.56,638.89
2,245,Player_10,DEF,Move,811.58,829.9
2,246,Player_5,ATK,Utility,434.81,529.49
2,246,Player_5,ATK,Utility,573.74,720.96
2,246,Player_10,DEF,Death,202.15,194.63
2,246,Player_10,DEF,Utility,644.36,548.1
2,246,Player_4,ATK,Utility,539.36,434.78
2,246,Player_10,DEF,Utility,447.46,481.78
2,246,Player_10,DEF,Utility,546.48,510.77
2,247,Player_1,ATK,Death,199.54,154.54
2,248,Player_9,DEF,Utility,582.0,283.0
2,248,Player_9,DEF,Move,882.0,684.0
2,248,Player_2,ATK,Move,479.4,553.3
2,248,Player_1,ATK,Move,678.2,600.82
2,248,Player_10,DEF,Utility,394.83,367.55
2,248,Player_1,ATK,Move,384.4,357.36
2,249,Player_2,ATK,Death,512.74,554.42
2,249,Player_4,ATK,Kill,501.54,600.4
2,249,Player_3,ATK,Move,703.71,836.87
2,249,Player_6,DEF,Kill,262.82,188.96
2,249,Player_1,ATK,Move,48.0,90.0
2,249,Player_5,ATK,Death,499.72,563.61
2,250,Player_8,DEF,Move,239.81,207.42
2,250,Player_9,DEF,Utility,415.33,251.29
2,250,Player_1,ATK,Death,808.9,879.89
2,250,Player_7,DEF,Utility,346.19,284.07
2,250,Player_2,ATK,Utility,812.52,712.07
2,250,Player_3,ATK,Move,366.32,360.86
2,250,Player_1,ATK,Utility,304.05,404.17
2,251,Player_10,DEF,Death,555.8,555.21
2,251,Player_4,ATK,Kill,241.88,326.53
2,251,Player_9,DEF,Kill,145.4,215.25
2,251,Player_5,ATK,Death,570.92,529.52
2,251,Player_4,ATK,Utility,482.3,461.4
2,251,Player_10,DEF,Utility,464.31,513.82
2,252,Player_3,ATK,Kill,779.42,744.61
2,252,Player_7,DEF,Death,817.67,790.49
2,252,Player_1,ATK,Utility,964.0,644.0
2,252,Player_1,ATK,Kill,484.65,520.44
2,252,Player_8,DEF,Death,494.99,552.33
2,253,Player_9,DEF,Utility,518.0,379.0
2,253,Player_9,DEF,Death,409.76,495.96
2,253,Player_4,ATK,Kill,531.7,404.84
2,254,Player_8,DEF,Move,267.98,375.19
2,254,Player_2,ATK,Kill,770.97,761.48
2,255,Player_2,ATK,Move,645.33,727.63
2,255,Player_5,ATK,Utility,749.0,567.73
2,255,Player_8,DEF,Move,798.71,828.39
2,256,Player_1,ATK,Death,401.34,429.12
2,256,Player_9,DEF,Utility,719.95,804.49
2,256,Player_4,ATK,Utility,370.28,380.07
2,256,Player_9,DEF,Death,509.13,456.04
2,257,Player_3,ATK,Move,862.4,786.82
2,257,Player_10,DEF,Utility,452.59,404.57
2,258,Player_6,DEF,Utility,699.03,602.69
2,258,Player_9,DEF,Death,317.21,189.43
2,258,Player_3,ATK,Death,516.01,441.43
2,258,Player_6,DEF,Kill,185.77,159.81
2,258,Player_5,ATK,Utility,334.0,431.0
2,259,Player_1,ATK,Move,349.0,442.51
2,259,Player_8,DEF,Move,343.0,668.0
2,260,Player_7,DEF,Move,936.0,921.0
2,260,Player_6,DEF,Utility,109.0,896.0
2,260,Player_10,DEF,Kill,579.25,619.15
2,260,Player_2,ATK,Move,766.0,522.0
2,261,Player_7,DEF,Death,225.15,132.1
2,261,Player_4,ATK,Utility,227.0,929.0
2,261,Player_2,ATK,Move,611.0,501.0
2,262,Player_10,DEF,Utility,589.0,186.0
2,262,Player_10,DEF,Utility,874.78,797.68
2,262,Player_8,DEF,Kill,797.27,738.41
2,263,Player_3,ATK,Utility,534.68,638.95
2,263,Player_1,ATK,Move,792.0,812.0
2,263,Player_10,DEF,Kill,776.64,812.26
2,263,Player_1,ATK,Kill,211.17,243.71
2,264,Player_5,ATK,Move,142.0,752.0
2,264,Player_8,DEF,Kill,139.13,113.95
2,264,Player_2,ATK,Utility,816.26,836.56
2,264,Player_10,DEF,Kill,890.44,795.54
2,264,Player_3,ATK,Move,810.56,840.32
2,264,Player_10,DEF,Utility,653.77,616.49
2,265,Player_1,ATK,Death,543.27,499.65
2,265,Player_6,DEF,Death,491.71,475.92
2,265,Player_10,DEF,Utility,796.0,359.0
2,265,Player_1,ATK,Death,870.1,851.3
2,265,Player_5,ATK,Move,256.54,148.06
2,265,Player_2,ATK,Utility,108.0,67.0
2,265,Player_4,ATK,Move,618.48,515.87
2,265,Player_4,ATK,Move,791.54,847.42
2,265,Player_7,DEF,Utility,600.57,526.31
2,266,Player_7,DEF,Death,195.98,171.73
2,266,Player_8,DEF,Move,905.0,365.0
2,266,Player_10,DEF,Death,253.01,182.92
2,266,Player_8,DEF,Kill,260.37,242.51
2,267,Player_3,ATK,Move,663.0,917.0
2,267,Player_2,ATK,Move,313.27,546.28
2,267,Player_1,ATK,Move,391.7,435.6
2,267,Player_6,DEF,Move,625.0,368.0
2,267,Player_2,ATK,Utility,971.0,793.96
2,267,Player_5,ATK,Move,803.54,845.54
2,268,Player_2,ATK,Kill,246.14,183.69
2,268,Player_7,DEF,Utility,689.54,515.27
2,268,Player_9,DEF,Utility,853.0,21.0
2,268,Player_6,DEF,Move,319.55,420.89
2,269,Player_1,ATK,Death,407.87,533.3
2,269,Player_7,DEF,Utility,474.0,391.0
2,269,Player_8,DEF,Utility,681.0,395.0
2,269,Player_4,ATK,Utility,494.55,427.57
2,269,Player_1,ATK,Utility,731.8,457.11
2,270,Player_10,DEF,Move,237.0,409.0
2,270,Player_10,DEF,Death,538.72,592.2
2,270,Player_7,DEF,Death,792.25,835.63
2,270,Player_1,ATK,Kill,235.89,212.41
2,270,Player_7,DEF,Death,231.75,137.12
2,271,Player_4,ATK,Kill,301.69,191.57
2,271,Player_4,ATK,Utility,224.34,258.29
2,271,Player_5,ATK,Utility,940.0,68.0
2,271,Player_10,DEF,Utility,781.78,801.87
2,271,Player_2,ATK,Kill,532.67,502.81
2,271,Player_2,ATK,Kill,204.5,284.26
2,272,Player_5,ATK,Kill,216.95,206.61
2,272,Player_1,ATK,Utility,98.0,223.0
2,272,Player_2,ATK,Utility,44.0,945.0
2,272,Player_8,DEF,Move,25.0,678.0
2,272,Player_6,DEF,Move,735.0,585.0
2,272,Player_8,DEF,Kill,126.03,101.36
2,273,Player_6,DEF,Utility,351.0,13.0
2,273,Player_10,DEF,Utility,943.56,820.59
2,273,Player_3,ATK,Kill,813.14,812.73
2,273,Player_4,ATK,Utility,559.02,464.25
2,274,Player_6,DEF,Death,843.53,755.31
2,274,Player_4,ATK,Kill,195.88,228.47
2,275,Player_9,DEF,Kill,820.81,842.18
2,275,Player_3,ATK,Utility,675.61,575.68
2,275,Player_10,DEF,Utility,31.0,723.0
2,275,Player_5,ATK,Kill,240.89,234.47
2,275,Player_9,DEF,Utility,795.84,733.02
2,275,Player_2,ATK,Death,164.26,210.47
2,275,Player_10,DEF,Move,748.0,157.0
2,275,Player_5,ATK,Move,653.88,493.12
2,275,Player_2,ATK,Utility,452.0,328.06
2,276,Player_7,DEF,Utility,134.84,204.39
2,276,Player_8,DEF,Utility,633.82,593.93
2,276,Player_9,DEF,Move,92.0,493.0
2,276,Player_6,DEF,Death,520.87,511.88
2,276,Player_7,DEF,Death,584.42,537.92
2,276,Player_7,DEF,Kill,194.13,173.02
2,277,Player_4,ATK,Kill,800.34,815.37
2,277,Player_4,ATK,Kill,514.44,444.41
2,277,Player_2,ATK,Move,200.25,251.83
2,278,Player_10,DEF,Kill,767.09,742.91
2,278,Player_3,ATK,Utility,183.69,460.53
2,278,Player_7,DEF,Death,201.44,130.53
2,278,Player_9,DEF,Utility,707.1,496.57
2,279,Player_3,ATK,Move,661.0,647.57
2,279,Player_4,ATK,Kill,310.68,193.67
2,279,Player_10,DEF,Death,887.93,765.26
2,279,Player_3,ATK,Kill,791.52,789.56
2,279,Player_10,DEF,Death,137.56,178.7
2,279,Player_3,ATK,Death,406.88,401.54
2,280,Player_10,DEF,Death,814.06,835.78
2,280,Player_3,ATK,Death,824.2,803.86
2,280,Player_4,ATK,Kill,581.34,566.38
2,281,Player_9,DEF,Move,639.0,196.0
2,281,Player_10,DEF,Utility,257.0,347.0
2,281,Player_6,DEF,Utility,293.07,332.28
2,281,Player_2,ATK,Utility,548.0,870.0
2,281,Player_8,DEF,Move,671.0,612.0
2,281,Player_4,ATK,Death,651.09,807.54
2,281,Player_10,DEF,Move,445.62,244.98
2,281,Player_9,DEF,Utility,722.65,672.35
2,281,Player_5,ATK,Kill,832.3,860.61
2,281,Player_8,DEF,Death,884.43,729.73
2,282,Player_5,ATK,Utility,630.0,649.0
2,282,Player_6,DEF,Move,702.65,610.09
2,282,Player_4,ATK,Kill,438.03,497.79
2,283,Player_2,ATK,Death,197.35,244.08
2,283,Player_10,DEF,Death,488.32,456.03
2,283,Player_1,ATK,Death,577.45,510.73
2,283,Player_7,DEF,Kill,146.36,265.75
2,285,Player_10,DEF,Death,235.58,227.8
2,285,Player_5,ATK,Death,267.72,267.13
2,285,Player_1,ATK,Move,124.0,669.0
2,285,Player_9,DEF,Kill,495.15,529.37
2,285,Player_8,DEF,Move,548.07,622.6
2,286,Player_1,ATK,Utility,570.32,625.0
2,286,Player_7,DEF,Death,478.9,444.96
2,286,Player_3,ATK,Utility,270.0,894.0
2,286,Player_10,DEF,Utility,636.03,722.68
2,286,Player_2,ATK,Move,924.0,514.0
2,286,Player_6,DEF,Utility,158.0,27.0
2,287,Player_8,DEF,Death,548.73,504.5
2,287,Player_8,DEF,Kill,777.83,704.79
2,287,Player_1,ATK,Utility,850.96,763.71
2,287,Player_7,DEF,Move,620.0,374.0
2,288,Player_7,DEF,Utility,376.0,793.0
2,288,Player_8,DEF,Death,172.93,199.51
2,288,Player_3,ATK,Utility,970.43,777.54
2,289,Player_2,ATK,Move,514.71,559.52
2,289,Player_2,ATK,Kill,466.65,575.61
2,289,Player_5,ATK,Move,513.92,605.15
2,289,Player_1,ATK,Kill,543.18,492.49
2,289,Player_3,ATK,Death,201.11,125.86
2,289,Player_7,DEF,Death,813.48,885.83
2,289,Player_5,ATK,Death,486.64,486.87
2,289,Player_2,ATK,Death,770.41,686.02
2,289,Player_5,ATK,Death,821.7,851.56
2,290,Player_5,ATK,Utility,722.74,655.1
2,290,Player_2,ATK,Move,59.23,154.36
2,291,Player_10,DEF,Move,709.0,441.0
2,291,Player_2,ATK,Death,276.91,222.49
2,291,Player_1,ATK,Kill,426.92,515.62
2,291,Player_3,ATK,Move,230.77,265.33
2,292,Player_5,ATK,Kill,254.09,181.0
2,292,Player_2,ATK,Kill,290.66,265.55
2,292,Player_9,DEF,Death,208.22,197.11
2,292,Player_7,DEF,Move,626.0,22.0
2,292,Player_5,ATK,Kill,430.5,558.86
2,292,Player_1,ATK,Kill,696.41,796.89
2,292,Player_6,DEF,Move,394.83,586.33
2,292,Player_10,DEF,Kill,617.13,464.77
2,292,Player_8,DEF,Kill,824.79,801.05
2,293,Player_4,ATK,Kill,824.85,759.35
2,293,Player_10,DEF,Move,998.0,117.0
2,293,Player_7,DEF,Death,757.78,796.19
2,293,Player_3,ATK,Move,499.0,549.0
2,293,Player_10,DEF,Death,199.52,82.54
2,294,Player_10,DEF,Move,555.0,841.0
2,294,Player_3,ATK,Death,217.27,216.79
2,294,Player_9,DEF,Utility,435.0,141.0
2,294,Player_6,DEF,Death,170.9,217.16
2,294,Player_7,DEF,Utility,478.69,708.86
2,295,Player_2,ATK,Kill,476.35,570.27
2,295,Player_5,ATK,Kill,189.48,226.52
2,295,Player_1,ATK,Death,483.27,525.98
2,295,Player_5,ATK,Utility,621.36,660.68
2,295,Player_3,ATK,Move,847.78,1000.0
2,295,Player_10,DEF,Utility,610.99,609.48
2,295,Player_2,ATK,Move,732.0,883.0
2,296,Player_10,DEF,Kill,262.99,221.61
2,296,Player_3,ATK,Utility,435.42,429.12
2,296,Player_1,ATK,Move,773.0,672.0
2,296,Player_7,DEF,Move,156.43,317.23
2,296,Player_1,ATK,Move,476.99,455.37
2,296,Player_6,DEF,Move,998.33,905.36
2,297,Player_8,DEF,Move,633.2,616.0
2,297,Player_5,ATK,Utility,441.08,405.77
2,297,Player_2,ATK,Death,126.59,114.89
2,297,Player_6,DEF,Move,433.34,587.54
2,298,Player_10,DEF,Kill,778.36,776.37
2,298,Player_3,ATK,Move,309.26,274.36
2,298,Player_6,DEF,Kill,782.91,754.56
2,298,Player_5,ATK,Utility,787.16,836.95
2,299,Player_10,DEF,Utility,668.13,585.91
2,299,Player_3,ATK,Death,786.37,845.73
2,299,Player_7,DEF,Death,203.87,114.94
2,299,Player_2,ATK,Move,184.31,340.41
2,299,Player_10,DEF,Death,149.6,238.43
3,300,Player_7,DEF,Move,536.51,351.34
3,300,Player_5,ATK,Kill,87.05,215.5
3,300,Player_9,DEF,Utility,709.0,787.0
3,300,Player_6,DEF,Kill,195.88,181.96
3,301,Player_5,ATK,Kill,525.46,495.54
3,301,Player_4,ATK,Kill,756.68,799.43
3,301,Player_10,DEF,Kill,215.91,206.77
3,301,Player_5,ATK,Kill,272.83,178.78
3,301,Player_5,ATK,Kill,516.98,471.33
3,301,Player_9,DEF,Move,332.9,457.65
3,301,Player_1,ATK,Death,854.71,785.92
3,302,Player_3,ATK,Death,245.18,92.44
3,302,Player_3,ATK,Death,177.13,246.77
3,302,Player_6,DEF,Kill,838.1,785.54
3,302,Player_10,DEF,Utility,192.0,897.0
3,303,Player_5,ATK,Kill,493.87,455.52
3,303,Player_3,ATK,Death,506.54,453.3
3,303,Player_5,ATK,Death,748.79,887.8
3,303,Player_3,ATK,Kill,864.9,787.39
3,303,Player_6,DEF,Death,771.1,834.22
3,303,Player_6,DEF,Kill,758.56,836.7
3,303,Player_1,ATK,Kill,207.06,138.45
3,304,Player_10,DEF,Kill,863.75,820.12
3,304,Player_5,ATK,Move,911.89,408.28
3,304,Player_10,DEF,Move,608.56,505.89
3,304,Player_6,DEF,Utility,585.14,474.13
3,305,Player_8,DEF,Kill,564.61,552.28
3,305,Player_3,ATK,Move,663.46,576.47
3,305,Player_9,DEF,Death,302.06,221.34
3,305,Player_1,ATK,Death,223.81,236.48
3,305,Player_6,DEF,Utility,234.0,183.96
3,306,Player_6,DEF,Kill,88.71,153.83
3,306,Player_5,ATK,Death,558.98,470.36
3,306,Player_9,DEF,Kill,786.42,862.92
3,307,Player_4,ATK,Utility,643.54,684.09
3,307,Player_4,ATK,Utility,330.0,491.0
3,307,Player_6,DEF,Utility,980.0,277.0
3,307,Player_6,DEF,Move,765.47,494.29
3,308,Player_5,ATK,Move,627.0,876.0
3,308,Player_1,ATK,Kill,148.56,296.49
3,308,Player_9,DEF,Kill,599.88,489.51
3,308,Player_6,DEF,Utility,276.41,145.63
3,308,Player_1,ATK,Utility,629.45,637.05
3,308,Player_10,DEF,Move,249.11,244.52
3,308,Player_5,ATK,Death,526.81,543.52
3,309,Player_9,DEF,Death,503.5,550.69
3,309,Player_8,DEF,Move,486.28,594.95
3,309,Player_1,ATK,Death,755.54,727.26
3,309,Player_4,ATK,Utility,735.85,733.26
3,309,Player_3,ATK,Death,401.71,540.15
3,309,Player_3,ATK,Kill,801.01,761.91
3,309,Player_6,DEF,Move,257.49,194.0
3,310,Player_2,ATK,Utility,281.0,915.0
3,310,Player_9,DEF,Death,576.29,463.41
3,310,Player_2,ATK,Death,235.67,180.5
3,310,Player_6,DEF,Death,536.55,500.67
3,310,Player_8,DEF,Death,220.19,259.39
3,311,Player_5,ATK,Death,211.06,146.51
3,311,Player_1,ATK,Move,202.02,250.78
3,311,Player_8,DEF,Move,754.49,685.09
3,311,Player_6,DEF,Utility,386.58,385.64
3,312,Player_9,DEF,Move,429.0,624.0
3,312,Player_1,ATK,Death,738.45,837.95
3,313,Player_8,DEF,Move,202.01,352.96
3,313,Player_10,DEF,Utility,276.0,715.0
3,313,Player_8,DEF,Utility,866.79,764.78
3,313,Player_6,DEF,Kill,501.94,520.82
3,314,Player_1,ATK,Move,218.21,246.13
3,314,Player_2,ATK,Move,122.36,101.86
3,315,Player_6,DEF,Kill,832.14,744.5
3,315,Player_2,ATK,Utility,249.45,183.79
3,315,Player_10,DEF,Kill,413.54,391.21
3,315,Player_8,DEF,Utility,644.03,733.08
3,315,Player_10,DEF,Death,771.6,793.92
3,315,Player_3,ATK,Move,887.44,843.47
3,316,Player_4,ATK,Utility,283.5,166.03
3,316,Player_1,ATK,Utility,557.48,610.88
3,316,Player_1,ATK,Move,338.0,178.0
3,316,Player_6,DEF,Death,271.8,196.03
3,316,Player_8,DEF,Kill,830.36,804.93
3,316,Player_10,DEF,Utility,607.0,55.0
3,316,Player_8,DEF,Kill,172.73,153.01
3,316,Player_8,DEF,Kill,755.17,740.62
3,317,Player_6,DEF,Utility,525.62,420.75
3,317,Player_1,ATK,Death,858.32,792.61
3,317,Player_5,ATK,Death,773.53,844.6
3,318,Player_6,DEF,Move,957.0,82.0
3,318,Player_9,DEF,Move,691.0,63.0
3,318,Player_1,ATK,Death,444.33,479.02
3,318,Player_3,ATK,Death,124.66,165.81
3,318,Player_5,ATK,Utility,644.01,692.83
3,318,Player_8,DEF,Utility,284.16,336.54
3,318,Player_4,ATK,Death,768.03,827.56
3,318,Player_3,ATK,Move,564.34,572.79
3,318,Player_3,ATK,Move,637.97,794.18
3,319,Player_6,DEF,Kill,721.72,826.4
3,320,Player_2,ATK,Kill,158.79,221.44
3,320,Player_7,DEF,Death,829.29,831.28
3,320,Player_9,DEF,Death,561.39,499.94
3,320,Player_1,ATK,Move,684.18,582.6
3,321,Player_5,ATK,Kill,496.06,495.99
3,321,Player_9,DEF,Utility,822.92,827.71
3,321,Player_5,ATK,Utility,587.31,537.03
3,321,Player_8,DEF,Death,195.82,258.99
3,321,Player_6,DEF,Move,599.96,571.15
3,321,Player_7,DEF,Move,117.21,123.88
3,322,Player_2,ATK,Death,254.04,159.23
3,322,Player_5,ATK,Kill,856.06,787.68
3,322,Player_9,DEF,Death,153.42,230.48
3,322,Player_7,DEF,Move,573.41,559.11
3,322,Player_4,ATK,Death,222.7,235.15
3,322,Player_1,ATK,Move,282.56,467.14
3,322,Player_5,ATK,Kill,255.31,165.26
3,322,Player_1,ATK,Death,878.1,836.56
3,323,Player_10,DEF,Death,797.2,853.62
3,323,Player_7,DEF,Kill,507.2,506.83
3,323,Player_10,DEF,Move,434.13,471.7
3,323,Player_9,DEF,Utility,849.62,850.95
3,323,Player_2,ATK,Kill,161.82,157.65
3,323,Player_5,ATK,Utility,702.0,686.0
3,323,Player_7,DEF,Kill,836.2,853.08
3,324,Player_4,ATK,Move,452.2,519.54
3,324,Player_10,DEF,Move,646.0,728.0
3,324,Player_9,DEF,Death,780.62,727.38
3,324,Player_9,DEF,Death,623.11,559.12
3,324,Player_9,DEF,Move,423.0,181.0
3,325,Player_6,DEF,Move,694.76,942.87
3,325,Player_2,ATK,Kill,499.03,647.06
3,325,Player_8,DEF,Kill,553.95,558.56
3,326,Player_8,DEF,Kill,802.85,828.6
3,326,Player_3,ATK,Utility,393.65,392.21
3,326,Player_5,ATK,Kill,459.14,502.06
3,326,Player_6,DEF,Kill,527.29,504.27
3,326,Player_8,DEF,Utility,346.27,415.93
3,326,Player_5,ATK,Death,846.56,843.09
3,326,Player_8,DEF,Utility,289.0,876.0
3,326,Player_3,ATK,Death,340.86,505.86
3,327,Player_1,ATK,Move,620.0,877.0
3,327,Player_3,ATK,Kill,579.1,482.47
3,327,Player_2,ATK,Kill,174.75,211.08
3,327,Player_9,DEF,Move,827.0,117.0
3,327,Player_6,DEF,Kill,176.47,158.92
3,327,Player_7,DEF,Move,62.6,168.64
3,328,Player_5,ATK,Death,434.3,518.03
3,328,Player_5,ATK,Death,875.32,780.81
3,328,Player_5,ATK,Move,711.53,806.89
3,328,Player_5,ATK,Death,529.97,535.46
3,329,Player_1,ATK,Death,538.51,457.44
3,329,Player_1,ATK,Utility,648.0,723.0
3,329,Player_3,ATK,Utility,208.0,144.0
3,329,Player_10,DEF,Death,514.71,578.66
3,329,Player_2,ATK,Kill,760.59,870.88
3,329,Player_1,ATK,Utility,682.3,544.46
3,329,Player_9,DEF,Kill,797.66,828.58
3,330,Player_1,ATK,Utility,168.01,89.63
3,330,Player_5,ATK,Death,782.89,896.78
3,330,Player_2,ATK,Move,513.19,433.5
3,330,Player_9,DEF,Utility,321.06,387.48
3,330,Player_10,DEF,Kill,493.5,477.27
3,330,Player_1,ATK,Utility,165.0,536.0
3,331,Player_5,ATK,Kill,859.49,809.56
3,331,Player_9,DEF,Kill,244.28,195.29
3,332,Player_2,ATK,Utility,159.82,80.41
3,332,Player_2,ATK,Utility,248.0,367.0
3,332,Player_10,DEF,Kill,791.41,828.28
3,332,Player_9,DEF,Kill,225.81,194.03
3,332,Player_9,DEF,Death,501.33,409.1
3,332,Player_1,ATK,Move,324.91,384.38
3,332,Player_8,DEF,Move,952.58,852.15
3,333,Player_9,DEF,Utility,544.81,488.68
3,333,Player_3,ATK,Kill,560.98,464.98
3,333,Player_3,ATK,Utility,587.18,439.22
3,333,Player_2,ATK,Kill,409.41,440.63
3,334,Player_8,DEF,Death,511.81,409.59
3,334,Player_9,DEF,Utility,125.39,275.71
3,334,Player_1,ATK,Kill,147.33,223.54
3,335,Player_2,ATK,Kill,810.21,860.93
3,335,Player_3,ATK,Utility,267.54,546.78
3,336,Player_7,DEF,Kill,64.98,211.59
3,336,Player_5,ATK,Death,616.09,483.86
3,336,Player_7,DEF,Move,579.18,470.45
3,336,Player_9,DEF,Death,155.58,96.04
3,336,Player_10,DEF,Move,767.83,572.82
3,336,Player_1,ATK,Death,160.36,185.89
3,336,Player_10,DEF,Kill,181.63,160.3
3,337,Player_2,ATK,Utility,259.62,215.21
3,337,Player_10,DEF,Move,625.46,520.19
3,337,Player_3,ATK,Utility,407.23,189.86
3,337,Player_2,ATK,Move,781.48,833.94
3,337,Player_6,DEF,Move,744.34,878.05
3,337,Player_5,ATK,Utility,683.97,870.98
3,338,Player_3,ATK,Kill,804.66,756.23
3,338,Player_1,ATK,Utility,434.48,368.26
3,338,Player_2,ATK,Move,251.6,262.59
3,338,Player_2,ATK,Kill,564.31,487.26
3,338,Player_1,ATK,Death,491.33,513.11
3,338,Player_4,ATK,Death,204.22,169.45
3,339,Player_10,DEF,Move,523.0,542.0
3,339,Player_2,ATK,Kill,451.66,520.58
3,339,Player_9,DEF,Death,491.28,370.66
3,340,Player_4,ATK,Kill,570.16,496.68
3,340,Player_1,ATK,Utility,366.0,614.0
3,340,Player_2,ATK,Utility,288.0,846.0
3,340,Player_7,DEF,Death,474.26,480.14
3,340,Player_9,DEF,Move,529.92,582.96
3,341,Player_5,ATK,Move,577.01,507.95
3,341,Player_4,ATK,Kill,509.83,459.06
3,341,Player_2,ATK,Move,312.16,354.37
3,341,Player_1,ATK,Move,230.0,117.0
3,341,Player_8,DEF,Move,732.0,609.0
3,342,Player_1,ATK,Move,146.0,588.0
3,342,Player_5,ATK,Kill,534.31,546.81
3,342,Player_4,ATK,Move,372.35,325.87
3,342,Player_6,DEF,Death,868.54,835.16
3,342,Player_4,ATK,Death,759.21,837.15
3,343,Player_7,DEF,Death,793.52,852.89
3,343,Player_4,ATK,Kill,482.23,474.16
3,343,Player_1,ATK,Death,471.12,575.61
3,344,Player_6,DEF,Move,931.71,792.73
3,344,Player_10,DEF,Death,694.24,926.8
3,345,Player_8,DEF,Move,582.0,409.0
3,345,Player_8,DEF,Kill,244.9,218.38
3,346,Player_7,DEF,Move,786.49,609.07
3,346,Player_4,ATK,Death,449.96,546.95
3,346,Player_6,DEF,Move,709.9,419.24
3,347,Player_3,ATK,Death,620.62,515.72
3,347,Player_6,DEF,Death,777.05,798.21
3,347,Player_8,DEF,Utility,771.78,804.8
3,347,Player_2,ATK,Move,319.54,436.11
3,347,Player_2,ATK,Death,556.93,484.72
3,347,Player_9,DEF,Utility,503.66,509.93
3,347,Player_1,ATK,Kill,392.54,515.85
3,347,Player_7,DEF,Utility,323.0,140.0
3,347,Player_6,DEF,Utility,322.7,439.01
3,348,Player_2,ATK,Move,188.0,747.0
3,348,Player_9,DEF,Move,85.0,21.0
3,348,Player_7,DEF,Death,153.86,114.11
3,349,Player_10,DEF,Death,741.03,832.0
3,349,Player_1,ATK,Kill,497.06,580.21
3,349,Player_2,ATK,Utility,80.0,444.0
3,349,Player_5,ATK,Move,189.88,250.97
3,350,Player_6,DEF,Kill,177.16,295.72
3,350,Player_7,DEF,Death,833.56,746.52
3,350,Player_3,ATK,Kill,803.65,835.48
3,350,Player_5,ATK,Utility,162.0,729.0
3,350,Player_9,DEF,Death,786.9,825.32
3,350,Player_10,DEF,Move,193.0,68.0
3,351,Player_1,ATK,Kill,825.27,789.09
3,351,Player_10,DEF,Move,612.26,456.78
3,351,Player_3,ATK,Move,429.39,491.98
3,352,Player_7,DEF,Death,679.38,795.76
3,352,Player_9,DEF,Kill,852.51,816.45
3,352,Player_5,ATK,Death,507.0,463.42
3,352,Player_3,ATK,Utility,746.0,225.0
3,352,Player_5,ATK,Utility,232.78,390.62
3,352,Player_2,ATK,Utility,667.5,588.37
3,352,Player_6,DEF,Utility,324.0,72.0
3,353,Player_2,ATK,Move,338.31,429.7
3,353,Player_1,ATK,Death,271.88,150.71
3,354,Player_6,DEF,Kill,828.59,851.43
3,354,Player_10,DEF,Utility,129.97,230.67
3,354,Player_3,ATK,Utility,132.44,196.56
3,354,Player_6,DEF,Death,900.81,713.9
3,354,Player_7,DEF,Move,800.05,766.92
3,355,Player_9,DEF,Utility,511.07,513.86
3,355,Player_10,DEF,Death,586.69,448.89
3,355,Player_2,ATK,Move,790.63,732.0
3,355,Player_7,DEF,Move,690.34,645.84
3,355,Player_3,ATK,Kill,543.66,408.48
3,355,Player_4,ATK,Death,469.63,506.09
3,356,Player_8,DEF,Kill,807.21,803.46
3,356,Player_8,DEF,Death,766.0,831.89
3,356,Player_6,DEF,Kill,426.6,503.98
3,356,Player_5,ATK,Kill,94.97,215.79
3,357,Player_7,DEF,Utility,947.0,7.0
3,357,Player_8,DEF,Utility,194.03,227.44
3,357,Player_7,DEF,Death,209.23,180.39
3,357,Player_5,ATK,Death,146.43,196.84
3,357,Player_7,DEF,Move,412.53,412.32
3,357,Player_2,ATK,Utility,374.69,478.87
3,358,Player_2,ATK,Utility,742.92,632.01
3,358,Player_10,DEF,Utility,424.86,498.06
3,358,Player_3,ATK,Death,716.5,831.23
3,359,Player_4,ATK,Death,715.24,747.41
3,359,Player_5,ATK,Death,283.92,200.49
3,359,Player_3,ATK,Kill,543.83,555.7
3,359,Player_6,DEF,Utility,729.73,756.26
3,359,Player_3,ATK,Death,315.68,129.2
3,359,Player_7,DEF,Move,273.0,878.0
3,359,Player_10,DEF,Death,413.28,481.84
3,359,Player_10,DEF,Kill,289.52,144.26
3,359,Player_1,ATK,Kill,499.51,448.62
3,360,Player_1,ATK,Move,408.35,415.48
3,360,Player_2,ATK,Death,193.57,233.54
3,360,Player_10,DEF,Death,510.38,526.96
3,360,Player_1,ATK,Death,562.99,545.48
3,360,Player_8,DEF,Kill,840.74,805.13
3,361,Player_6,DEF,Move,178.38,71.17
3,361,Player_10,DEF,Move,103.76,272.47
3,361,Player_3,ATK,Kill,745.36,726.66
3,361,Player_7,DEF,Move,645.45,492.17
3,361,Player_4,ATK,Move,816.0,929.0
3,361,Player_9,DEF,Death,496.12,518.98
3,361,Player_10,DEF,Utility,843.29,852.13
3,361,Player_5,ATK,Death,705.22,800.41
3,361,Player_10,DEF,Kill,200.58,145.22
3,361,Player_3,ATK,Move,556.9,513.54
3,361,Player_10,DEF,Utility,996.0,489.0
3,362,Player_5,ATK,Kill,863.39,851.75
3,362,Player_3,ATK,Death,771.91,847.64
3,362,Player_3,ATK,Kill,254.34,237.39
3,362,Player_2,ATK,Kill,566.62,600.56
3,362,Player_9,DEF,Kill,861.18,782.69
3,362,Player_4,ATK,Move,830.76,705.19
3,362,Player_7,DEF,Death,525.82,505.75
3,363,Player_1,ATK,Move,891.0,782.0
3,363,Player_9,DEF,Kill,172.79,238.52
3,363,Player_10,DEF,Death,528.78,489.23
3,363,Player_10,DEF,Utility,553.0,749.0
3,363,Player_10,DEF,Kill,906.11,709.29
3,363,Player_2,ATK,Kill,775.25,828.03
3,363,Player_5,ATK,Death,219.19,185.0
3,364,Player_5,ATK,Move,631.8,718.01
3,364,Player_9,DEF,Kill,509.93,629.78
3,364,Player_6,DEF,Move,224.09,376.89
3,365,Player_9,DEF,Utility,491.07,647.34
3,365,Player_1,ATK,Utility,610.0,553.0
3,365,Player_9,DEF,Move,762.0,503.0
3,365,Player_7,DEF,Utility,484.4,564.47
3,365,Player_3,ATK,Kill,471.51,568.34
3,365,Player_10,DEF,Kill,181.36,177.59
3,365,Player_9,DEF,Move,340.0,975.0
3,365,Player_3,ATK,Move,411.82,492.47
3,366,Player_2,ATK,Move,507.46,460.48
3,366,Player_4,ATK,Kill,480.42,493.53
3,366,Player_3,ATK,Death,716.26,720.77
3,366,Player_1,ATK,Utility,546.66,419.89
3,366,Player_10,DEF,Utility,658.38,658.06
3,366,Player_9,DEF,Move,0.0,203.5
3,366,Player_4,ATK,Utility,576.65,657.23
3,367,Player_4,ATK,Utility,52.86,241.08
3,367,Player_7,DEF,Utility,818.32,732.61
3,367,Player_8,DEF,Move,802.0,438.0
3,367,Player_7,DEF,Utility,569.0,320.0
3,368,Player_1,ATK,Utility,453.56,383.89
3,368,Player_9,DEF,Utility,338.47,257.08
3,368,Player_3,ATK,Utility,132.25,328.75
3,368,Player_9,DEF,Death,204.4,256.35
3,368,Player_4,ATK,Death,893.62,717.88
3,369,Player_3,ATK,Kill,893.76,856.65
3,369,Player_6,DEF,Death,765.19,784.95
3,369,Player_10,DEF,Kill,461.86,407.07
3,369,Player_2,ATK,Death,709.14,760.85
3,369,Player_10,DEF,Move,0.0,235.55
3,370,Player_5,ATK,Kill,216.02,190.31
3,370,Player_1,ATK,Utility,107.83,266.35
3,371,Player_7,DEF,Death,564.83,509.56
3,371,Player_8,DEF,Utility,678.61,491.77
3,371,Player_6,DEF,Move,535.43,462.45
3,371,Player_8,DEF,Utility,446.87,334.3
3,371,Player_6,DEF,Kill,566.03,497.62
3,372,Player_1,ATK,Utility,181.47,269.74
3,372,Player_9,DEF,Move,341.35,294.11
3,372,Player_2,ATK,Death,116.82,181.8
3,372,Player_1,ATK,Kill,786.84,811.34
3,372,Player_2,ATK,Death,760.47,818.61
3,372,Player_5,ATK,Move,533.47,510.08
3,372,Player_4,ATK,Utility,778.0,640.0
3,373,Player_10,DEF,Death,246.66,84.84
3,373,Player_5,ATK,Move,287.52,193.79
3,373,Player_5,ATK,Death,578.43,492.7
3,373,Player_7,DEF,Death,131.91,202.56
3,374,Player_9,DEF,Death,172.89,275.47
3,374,Player_6,DEF,Utility,740.0,589.0
3,374,Player_9,DEF,Kill,222.49,293.56
3,375,Player_1,ATK,Kill,124.69,268.74
3,375,Player_1,ATK,Utility,816.0,695.0
3,376,Player_10,DEF,Utility,157.94,401.16
3,376,Player_1,ATK,Utility,693.11,520.25
3,376,Player_1,ATK,Death,716.2,785.65
3,376,Player_3,ATK,Move,160.95,195.19
3,376,Player_5,ATK,Move,596.74,611.8
3,377,Player_8,DEF,Kill,600.71,557.83
3,378,Player_10,DEF,Move,515.99,345.7
3,378,Player_1,ATK,Death,424.84,572.51
3,378,Player_8,DEF,Kill,546.75,628.16
3,378,Player_3,ATK,Kill,521.01,531.66
3,378,Player_4,ATK,Move,302.0,869.0
3,378,Player_2,ATK,Kill,581.31,428.17
3,379,Player_5,ATK,Utility,675.47,552.01
3,379,Player_1,ATK,Death,796.0,950.15
3,379,Player_1,ATK,Move,174.01,110.59
3,379,Player_9,DEF,Death,674.51,780.92
3,379,Player_6,DEF,Death,829.35,878.3
3,380,Player_6,DEF,Utility,510.98,611.68
3,381,Player_10,DEF,Death,492.77,541.11
3,381,Player_4,ATK,Kill,274.63,204.18
3,381,Player_5,ATK,Utility,358.38,458.38
3,382,Player_10,DEF,Utility,980.0,299.0
3,382,Player_2,ATK,Utility,827.55,932.71
3,382,Player_2,ATK,Utility,991.0,339.0
3,382,Player_7,DEF,Move,461.21,461.02
3,382,Player_10,DEF,Utility,230.56,322.84
3,382,Player_1,ATK,Kill,796.11,833.19
3,382,Player_8,DEF,Death,232.25,239.81
3,382,Player_8,DEF,Move,328.17,335.16
3,382,Player_3,ATK,Move,0.0,124.57
3,382,Player_10,DEF,Move,236.17,173.62
3,383,Player_7,DEF,Kill,836.64,865.62
3,383,Player_1,ATK,Move,827.97,837.7
3,384,Player_8,DEF,Move,92.4,347.0
3,384,Player_6,DEF,Death,203.07,91.85
3,384,Player_2,ATK,Death,888.29,900.65
3,384,Player_9,DEF,Death,789.76,860.08
3,384,Player_7,DEF,Kill,794.14,792.35
3,384,Player_4,ATK,Death,543.32,570.1
3,385,Player_3,ATK,Utility,943.0,365.0
3,385,Player_10,DEF,Move,92.0,221.0
3,385,Player_9,DEF,Kill,204.19,153.16
3,386,Player_8,DEF,Death,501.03,453.41
3,386,Player_2,ATK,Move,435.03,501.62
3,386,Player_10,DEF,Kill,167.77,178.66
3,386,Player_3,ATK,Utility,218.7,425.08
3,387,Player_3,ATK,Move,376.34,468.7
3,387,Player_4,ATK,Death,809.89,814.78
3,387,Player_10,DEF,Utility,706.25,491.44
3,387,Player_8,DEF,Kill,452.2,520.9
3,388,Player_7,DEF,Death,859.93,772.48
3,388,Player_6,DEF,Kill,399.79,517.44
3,388,Player_7,DEF,Utility,720.23,658.32
3,388,Player_1,ATK,Death,223.67,172.8
3,388,Player_6,DEF,Kill,473.49,595.8
3,388,Player_6,DEF,Kill,490.44,430.36
3,388,Player_8,DEF,Utility,911.0,42.0
3,388,Player_4,ATK,Utility,596.94,426.12
3,388,Player_6,DEF,Death,131.27,263.83
3,389,Player_1,ATK,Move,312.34,489.07
3,389,Player_10,DEF,Death,833.22,754.98
3,389,Player_3,ATK,Kill,584.92,509.13
3,389,Player_7,DEF,Move,770.0,388.0
3,389,Player_8,DEF,Move,308.36,300.06
3,389,Player_3,ATK,Kill,261.45,230.62
3,389,Player_9,DEF,Kill,133.61,246.06
3,389,Player_2,ATK,Move,166.5,219.93
3,389,Player_8,DEF,Move,314.36,538.5
3,389,Player_7,DEF,Move,234.43,429.18
3,390,Player_5,ATK,Death,821.23,822.86
3,390,Player_3,ATK,Death,863.86,796.41
3,390,Player_6,DEF,Death,406.93,467.2
3,391,Player_3,ATK,Kill,275.65,187.8
3,391,Player_6,DEF,Utility,976.0,711.0
3,391,Player_10,DEF,Kill,523.87,590.97
3,391,Player_6,DEF,Death,179.15,152.93
3,391,Player_9,DEF,Death,177.53,290.8
3,392,Player_5,ATK,Move,532.79,406.99
3,392,Player_5,ATK,Move,732.34,724.74
3,392,Player_2,ATK,Utility,466.91,541.33
3,392,Player_2,ATK,Kill,120.69,137.74
3,393,Player_5,ATK,Move,467.3,583.69
3,393,Player_7,DEF,Death,847.16,790.52
3,393,Player_5,ATK,Utility,591.0,849.0
3,393,Player_7,DEF,Utility,708.13,752.83
3,393,Player_5,ATK,Death,451.5,544.3
3,393,Player_8,DEF,Move,464.14,552.84
3,393,Player_8,DEF,Death,231.0,250.94
3,393,Player_8,DEF,Move,148.62,151.72
3,394,Player_2,ATK,Kill,770.29,888.78
3,394,Player_4,ATK,Death,495.39,511.17
3,394,Player_7,DEF,Utility,586.64,496.84
3,394,Player_2,ATK,Death,238.91,272.43
3,394,Player_1,ATK,Utility,368.79,414.09
3,395,Player_9,DEF,Kill,120.08,180.98
3,395,Player_10,DEF,Move,639.08,608.44
3,395,Player_6,DEF,Kill,275.21,286.09
3,395,Player_3,ATK,Utility,645.73,561.42
3,395,Player_9,DEF,Move,508.0,696.0
3,396,Player_7,DEF,Utility,571.5,569.96
3,396,Player_10,DEF,Utility,890.0,930.0
3,396,Player_10,DEF,Death,497.83,506.91
3,396,Player_5,ATK,Move,591.77,583.28
3,396,Player_1,ATK,Kill,167.01,317.04
3,396,Player_2,ATK,Death,517.75,472.36
3,397,Player_2,ATK,Move,531.0,312.0
3,397,Player_1,ATK,Utility,305.0,752.0
3,397,Player_4,ATK,Move,304.21,335.98
3,397,Player_3,ATK,Kill,778.76,850.18
3,398,Player_6,DEF,Move,110.67,279.88
3,398,Player_4,ATK,Kill,659.98,494.27
3,398,Player_2,ATK,Kill,756.58,830.91
3,398,Player_7,DEF,Kill,188.72,186.35
3,398,Player_6,DEF,Move,203.09,250.2
3,398,Player_3,ATK,Kill,152.88,190.2
3,398,Player_9,DEF,Utility,244.7,423.53
3,398,Player_4,ATK,Death,571.75,517.86
3,398,Player_8,DEF,Utility,690.0,678.0
3,398,Player_9,DEF,Death,203.35,247.11
3,399,Player_10,DEF,Move,496.0,876.0
3,399,Player_2,ATK,Utility,811.76,990.45
3,399,Player_4,ATK,Move,637.06,497.01
3,399,Player_6,DEF,Move,825.59,792.7
4,400,Player_10,DEF,Move,40.0,694.0
4,400,Player_9,DEF,Utility,579.31,591.36
4,401,Player_6,DEF,Death,790.74,880.58
4,401,Player_3,ATK,Move,769.0,625.0
4,401,Player_6,DEF,Death,632.94,455.66
4,401,Player_8,DEF,Death,495.75,533.84
4,401,Player_6,DEF,Move,955.0,703.0
4,401,Player_3,ATK,Move,17.0,188.0
4,402,Player_4,ATK,Move,625.35,411.4
4,402,Player_2,ATK,Utility,477.98,506.81
4,402,Player_1,ATK,Move,410.72,545.61
4,402,Player_7,DEF,Death,250.77,237.95
4,402,Player_6,DEF,Death,843.78,830.29
4,402,Player_7,DEF,Death,259.61,165.97
4,402,Player_9,DEF,Kill,855.24,947.59
4,402,Player_1,ATK,Death,455.91,527.13
4,402,Player_2,ATK,Kill,492.63,555.67
4,403,Player_8,DEF,Move,454.25,470.28
4,403,Player_4,ATK,Utility,572.0,199.0
4,403,Player_1,ATK,Move,445.08,480.62
4,403,Player_3,ATK,Kill,774.31,912.32
4,403,Player_2,ATK,Death,152.35,160.01
4,403,Player_8,DEF,Kill,199.58,174.22
4,403,Player_8,DEF,Kill,746.27,817.2
4,404,Player_7,DEF,Utility,604.17,476.85
4,404,Player_4,ATK,Move,119.34,168.39
4,404,Player_4,ATK,Death,754.52,822.19
4,404,Player_4,ATK,Death,449.17,426.58
4,405,Player_9,DEF,Move,34.0,940.0
4,405,Player_1,ATK,Death,754.03,756.94
4,405,Player_2,ATK,Move,614.0,521.0
4,406,Player_7,DEF,Move,193.0,281.0
4,406,Player_4,ATK,Death,815.4,817.61
4,407,Player_2,ATK,Move,627.0,428.0
4,407,Player_2,ATK,Kill,860.07,941.38
4,407,Player_5,ATK,Death,524.16,476.93
4,407,Player_1,ATK,Death,529.47,529.19
4,407,Player_10,DEF,Move,130.3,210.19
4,407,Player_1,ATK,Utility,199.58,172.11
4,408,Player_2,ATK,Utility,852.3,588.63
4,409,Player_6,DEF,Move,220.64,244.71
4,409,Player_7,DEF,Death,491.65,546.59
4,409,Player_3,ATK,Kill,179.14,164.28
4,409,Player_8,DEF,Death,178.95,203.85
4,410,Player_6,DEF,Move,488.77,324.7
4,410,Player_8,DEF,Move,330.06,343.0
4,410,Player_1,ATK,Kill,403.54,490.91
4,410,Player_10,DEF,Kill,520.17,513.96
4,411,Player_4,ATK,Death,470.46,474.95
4,411,Player_3,ATK,Kill,422.36,557.27
4,411,Player_1,ATK,Kill,255.57,243.8
4,411,Player_2,ATK,Move,906.0,808.0
4,412,Player_4,ATK,Move,677.0,293.0
4,412,Player_5,ATK,Kill,217.02,226.97
4,412,Player_1,ATK,Death,231.29,258.52
4,412,Player_2,ATK,Death,578.53,587.65
4,412,Player_2,ATK,Death,542.76,499.37
4,412,Player_7,DEF,Death,498.92,502.7
4,412,Player_6,DEF,Move,176.27,159.39
4,412,Player_7,DEF,Kill,260.83,187.86
4,412,Player_2,ATK,Death,472.75,479.04
4,412,Player_1,ATK,Death,205.76,247.69
4,412,Player_3,ATK,Kill,693.25,841.78
4,412,Player_4,ATK,Move,558.05,656.33
4,412,Player_4,ATK,Kill,337.24,131.76
4,412,Player_7,DEF,Kill,731.55,735.32
4,412,Player_10,DEF,Kill,469.92,526.92
4,413,Player_7,DEF,Move,711.64,896.36
4,413,Player_1,ATK,Utility,370.74,191.91
4,413,Player_4,ATK,Kill,813.45,778.43
4,414,Player_1,ATK,Move,633.18,443.33
4,414,Player_7,DEF,Death,926.34,736.84
4,414,Player_2,ATK,Utility,489.26,594.09
4,414,Player_4,ATK,Death,272.33,206.1
4,415,Player_10,DEF,Kill,860.31,937.79
4,415,Player_10,DEF,Move,791.59,860.4
4,415,Player_2,ATK,Kill,148.23,134.4
4,415,Player_3,ATK,Utility,507.27,572.43
4,416,Player_1,ATK,Utility,490.05,529.89
4,416,Player_6,DEF,Kill,775.01,780.75
4,416,Player_2,ATK,Death,142.93,175.21
4,416,Player_2,ATK,Move,198.93,172.55
4,416,Player_1,ATK,Move,135.91,193.91
4,416,Player_10,DEF,Utility,665.84,654.95
4,417,Player_9,DEF,Utility,994.0,795.0
4,417,Player_5,ATK,Move,778.31,936.72
4,418,Player_5,ATK,Kill,168.64,273.5
4,418,Player_8,DEF,Death,728.75,748.86
4,418,Player_4,ATK,Death,421.36,445.85
4,418,Player_3,ATK,Utility,185.27,292.61
4,418,Player_4,ATK,Kill,776.08,850.48
4,418,Player_7,DEF,Death,361.01,500.63
4,418,Player_5,ATK,Death,790.58,769.19
4,418,Player_3,ATK,Move,773.0,817.0
4,418,Player_5,ATK,Move,351.97,380.74
4,419,Player_5,ATK,Death,765.4,792.7
4,419,Player_2,ATK,Utility,367.19,264.74
4,420,Player_5,ATK,Move,655.96,618.54
4,420,Player_2,ATK,Move,283.95,450.41
4,420,Player_4,ATK,Move,164.0,982.0
4,420,Player_10,DEF,Death,885.98,723.64
4,420,Player_5,ATK,Move,297.22,176.74
4,420,Player_8,DEF,Utility,698.74,749.79
4,420,Player_3,ATK,Utility,554.16,623.74
4,421,Player_2,ATK,Death,806.43,804.39
4,421,Player_2,ATK,Move,431.9,547.98
4,421,Player_9,DEF,Kill,904.89,844.42
4,421,Player_7,DEF,Death,868.66,790.97
4,421,Player_3,ATK,Kill,842.24,704.43
4,421,Player_1,ATK,Kill,512.82,499.14
4,421,Player_1,ATK,Move,591.0,876.0
4,422,Player_4,ATK,Move,985.0,622.0
4,422,Player_2,ATK,Utility,351.76,171.87
4,422,Player_2,ATK,Kill,186.99,228.97
4,422,Player_6,DEF,Move,332.0,90.0
4,422,Player_5,ATK,Death,844.77,716.49
4,422,Player_10,DEF,Move,824.16,785.09
4,422,Player_6,DEF,Death,439.42,486.7
4,422,Player_1,ATK,Utility,89.0,981.0
4,422,Player_3,ATK,Death,841.05,817.6
4,422,Player_1,ATK,Kill,136.64,227.17
4,422,Player_8,DEF,Utility,715.98,859.44
4,423,Player_5,ATK,Kill,483.75,401.27
4,423,Player_4,ATK,Kill,735.0,829.42
4,424,Player_6,DEF,Kill,495.07,477.16
4,424,Player_3,ATK,Kill,770.19,769.52
4,424,Player_4,ATK,Move,365.66,410.75
4,424,Player_9,DEF,Utility,858.53,660.19
4,424,Player_3,ATK,Move,510.62,509.69
4,424,Player_6,DEF,Kill,51.11,181.53
4,425,Player_5,ATK,Move,442.61,361.25
4,425,Player_6,DEF,Kill,156.84,209.86
4,425,Player_10,DEF,Utility,211.58,224.8
4,425,Player_4,ATK,Move,970.0,13.0
4,425,Player_2,ATK,Move,253.61,115.78
4,425,Player_8,DEF,Move,458.0,904.0
4,425,Player_3,ATK,Utility,249.87,115.73
4,425,Player_2,ATK,Move,587.44,523.39
4,426,Player_5,ATK,Move,860.0,493.0
4,426,Player_3,ATK,Death,513.47,532.52
4,426,Player_1,ATK,Kill,85.17,128.0
4,427,Player_9,DEF,Kill,203.5,218.78
4,427,Player_3,ATK,Utility,962.0,711.0
4,427,Player_3,ATK,Death,506.25,533.82
4,427,Player_6,DEF,Kill,240.81,201.62
4,427,Player_8,DEF,Death,557.86,513.06
4,427,Player_3,ATK,Kill,471.84,418.54
4,427,Player_7,DEF,Kill,378.53,537.5
4,428,Player_7,DEF,Death,746.93,784.88
4,428,Player_4,ATK,Utility,226.0,42.0
4,428,Player_2,ATK,Kill,190.23,198.25
4,428,Player_7,DEF,Kill,802.13,700.64
4,428,Player_9,DEF,Kill,541.82,478.9
4,428,Player_8,DEF,Move,252.99,300.18
4,428,Player_1,ATK,Kill,156.25,176.96
4,429,Player_6,DEF,Move,661.85,507.27
4,429,Player_8,DEF,Death,836.03,816.34
4,429,Player_10,DEF,Move,384.0,833.0
4,429,Player_1,ATK,Kill,512.51,412.92
4,429,Player_4,ATK,Utility,767.79,991.13
4,429,Player_2,ATK,Utility,99.93,100.01
4,429,Player_10,DEF,Move,639.44,567.33
4,430,Player_4,ATK,Move,445.42,482.14
4,430,Player_3,ATK,Move,271.59,471.71
4,430,Player_8,DEF,Death,804.5,812.57
4,431,Player_4,ATK,Move,554.32,442.07
4,431,Player_10,DEF,Kill,540.68,559.28
4,432,Player_8,DEF,Move,9.0,230.0
4,432,Player_5,ATK,Kill,428.05,523.36
4,432,Player_1,ATK,Kill,507.37,464.31
4,432,Player_4,ATK,Move,522.17,552.38
4,433,Player_4,ATK,Kill,542.84,496.66
4,433,Player_10,DEF,Move,301.45,209.86
4,433,Player_2,ATK,Kill,414.39,550.73
4,433,Player_7,DEF,Death,813.5,837.16
4,433,Player_2,ATK,Kill,826.32,819.09
4,434,Player_1,ATK,Kill,806.44,702.24
4,434,Player_10,DEF,Kill,457.18,505.35
4,434,Player_6,DEF,Kill,743.42,855.97
4,435,Player_8,DEF,Move,80.83,282.18
4,435,Player_3,ATK,Kill,478.54,579.49
4,435,Player_7,DEF,Move,886.43,774.99
4,435,Player_10,DEF,Move,357.71,455.58
4,435,Player_2,ATK,Utility,397.52,382.43
4,435,Player_4,ATK,Move,68.51,123.65
4,436,Player_3,ATK,Move,478.19,461.39
4,436,Player_4,ATK,Move,465.79,333.07
4,436,Player_4,ATK,Utility,193.98,110.51
4,436,Player_4,ATK,Death,208.42,241.26
4,436,Player_1,ATK,Move,945.0,892.0
4,436,Player_10,DEF,Utility,875.57,883.84
4,436,Player_6,DEF,Death,331.23,177.88
4,436,Player_7,DEF,Move,480.42,603.13
4,437,Player_8,DEF,Kill,492.96,446.91
4,437,Player_9,DEF,Kill,174.05,244.23
4,438,Player_3,ATK,Utility,675.81,757.39
4,438,Player_4,ATK,Move,752.34,759.74
4,438,Player_3,ATK,Move,493.19,467.86
4,438,Player_3,ATK,Utility,146.98,90.32
4,438,Player_7,DEF,Kill,828.84,858.14
4,438,Player_8,DEF,Kill,179.05,365.49
4,439,Player_3,ATK,Move,510.17,614.35
4,439,Player_4,ATK,Kill,835.26,913.22
4,439,Player_7,DEF,Utility,758.0,845.0
4,439,Player_4,ATK,Utility,659.6,391.37
4,439,Player_2,ATK,Move,458.28,401.33
4,439,Player_9,DEF,Utility,903.0,612.0
4,439,Player_10,DEF,Move,699.08,741.08
4,440,Player_8,DEF,Kill,756.16,736.46
4,441,Player_7,DEF,Death,225.19,190.82
4,441,Player_3,ATK,Utility,417.38,661.27
4,442,Player_5,ATK,Death,528.77,487.5
4,442,Player_6,DEF,Kill,858.81,828.55
4,443,Player_10,DEF,Kill,237.53,138.04
4,443,Player_8,DEF,Death,564.28,507.21
4,443,Player_9,DEF,Move,484.72,429.69
4,443,Player_10,DEF,Kill,767.58,757.49
4,443,Player_4,ATK,Utility,746.57,811.07
4,444,Player_6,DEF,Move,78.23,251.0
4,444,Player_3,ATK,Kill,545.04,558.17
4,444,Player_1,ATK,Move,196.69,249.37
4,444,Player_6,DEF,Kill,242.99,215.01
4,444,Player_1,ATK,Kill,740.47,829.18
4,444,Player_9,DEF,Move,885.93,742.64
4,444,Player_8,DEF,Utility,654.16,567.54
4,445,Player_10,DEF,Kill,127.02,192.41
4,445,Player_9,DEF,Utility,321.02,325.67
4,446,Player_7,DEF,Death,447.48,469.38
4,446,Player_10,DEF,Kill,137.06,146.67
4,446,Player_6,DEF,Kill,497.18,418.57
4,446,Player_10,DEF,Death,841.58,818.7
4,446,Player_2,ATK,Death,777.83,737.52
4,446,Player_10,DEF,Kill,244.05,188.18
4,447,Player_7,DEF,Move,285.76,277.06
4,447,Player_6,DEF,Utility,75.81,154.26
4,447,Player_6,DEF,Utility,789.0,804.0
4,447,Player_9,DEF,Utility,465.33,412.89
4,447,Player_6,DEF,Utility,88.0,237.0
4,447,Player_3,ATK,Death,221.5,225.29
4,447,Player_3,ATK,Move,833.77,855.67
4,447,Player_7,DEF,Utility,522.32,462.65
4,447,Player_7,DEF,Move,219.92,254.55
4,448,Player_5,ATK,Move,783.47,888.77
4,448,Player_2,ATK,Move,541.96,456.58
4,448,Player_3,ATK,Death,497.87,436.03
4,448,Player_3,ATK,Kill,509.68,541.12
4,448,Player_9,DEF,Utility,360.3,442.75
4,448,Player_8,DEF,Death,736.19,893.66
4,449,Player_9,DEF,Death,734.08,804.75
4,449,Player_7,DEF,Utility,487.0,34.0
4,449,Player_3,ATK,Utility,995.0,198.0
4,449,Player_1,ATK,Move,761.29,813.34
4,449,Player_6,DEF,Death,718.73,704.19
4,449,Player_3,ATK,Kill,208.97,260.76
4,450,Player_9,DEF,Death,391.82,524.2
4,450,Player_5,ATK,Utility,875.0,547.0
4,450,Player_8,DEF,Utility,184.64,255.46
4,450,Player_5,ATK,Utility,299.0,668.0
4,450,Player_5,ATK,Utility,775.0,974.0
4,451,Player_1,ATK,Death,868.21,849.62
4,451,Player_7,DEF,Move,898.95,899.34
4,451,Player_2,ATK,Kill,497.15,491.88
4,451,Player_4,ATK,Utility,384.32,551.14
4,451,Player_5,ATK,Utility,664.71,486.13
4,451,Player_7,DEF,Death,515.59,507.77
4,451,Player_8,DEF,Kill,133.62,230.12
4,451,Player_8,DEF,Death,527.9,497.88
4,452,Player_10,DEF,Move,919.9,858.82
4,452,Player_9,DEF,Death,839.3,761.57
4,452,Player_7,DEF,Kill,520.36,487.89
4,452,Player_7,DEF,Death,457.84,529.07
4,452,Player_1,ATK,Kill,801.21,655.84
4,452,Player_2,ATK,Death,210.25,268.01
4,452,Player_5,ATK,Kill,550.43,559.48
4,452,Player_8,DEF,Move,670.24,573.87
4,453,Player_10,DEF,Move,567.53,599.53
4,453,Player_1,ATK,Death,531.1,516.59
4,453,Player_6,DEF,Utility,235.47,175.39
4,453,Player_9,DEF,Utility,800.89,689.51
4,453,Player_2,ATK,Kill,160.89,153.87
4,454,Player_10,DEF,Kill,203.75,232.84
4,454,Player_10,DEF,Death,561.73,528.27
4,455,Player_6,DEF,Utility,353.0,871.0
4,455,Player_6,DEF,Move,944.0,574.0
4,455,Player_8,DEF,Move,92.55,184.24
4,455,Player_9,DEF,Death,518.49,479.42
4,455,Player_2,ATK,Move,840.46,791.58
4,456,Player_3,ATK,Utility,195.0,94.0
4,456,Player_10,DEF,Move,509.04,617.05
4,456,Player_10,DEF,Death,235.62,212.98
4,456,Player_10,DEF,Move,572.01,576.26
4,456,Player_8,DEF,Kill,803.61,759.41
4,456,Player_8,DEF,Utility,735.86,990.47
4,457,Player_4,ATK,Move,623.09,582.26
4,457,Player_1,ATK,Death,454.12,500.79
4,457,Player_8,DEF,Move,623.0,882.0
4,457,Player_8,DEF,Move,381.47,288.39
4,457,Player_8,DEF,Kill,558.43,581.6
4,457,Player_9,DEF,Move,175.0,729.0
4,458,Player_4,ATK,Kill,135.3,208.82
4,458,Player_5,ATK,Move,771.95,687.08
4,458,Player_2,ATK,Kill,803.98,819.57
4,458,Player_5,ATK,Utility,767.86,901.39
4,458,Player_8,DEF,Move,589.9,459.52
4,458,Player_4,ATK,Kill,222.55,217.92
4,458,Player_2,ATK,Kill,446.22,513.97
4,459,Player_4,ATK,Kill,841.79,783.02
4,459,Player_5,ATK,Death,859.13,825.57
4,459,Player_10,DEF,Move,858.0,672.0
4,459,Player_7,DEF,Death,756.66,766.76
4,459,Player_9,DEF,Kill,418.14,482.46
4,459,Player_10,DEF,Kill,854.55,737.75
4,459,Player_2,ATK,Kill,524.05,542.52
4,459,Player_10,DEF,Death,496.27,528.42
4,460,Player_3,ATK,Death,216.9,162.12
4,460,Player_8,DEF,Kill,518.3,599.81
4,460,Player_4,ATK,Move,714.0,819.0
4,460,Player_9,DEF,Kill,132.62,217.67
4,460,Player_9,DEF,Utility,528.57,561.81
4,461,Player_10,DEF,Kill,239.44,162.83
4,461,Player_10,DEF,Kill,203.56,233.42
4,461,Player_5,ATK,Kill,572.83,527.88
4,462,Player_2,ATK,Kill,567.06,615.28
4,462,Player_5,ATK,Death,246.91,173.57
4,462,Player_2,ATK,Utility,878.0,711.0
4,462,Player_7,DEF,Utility,846.0,671.0
4,462,Player_6,DEF,Utility,358.08,392.22
4,462,Player_6,DEF,Kill,472.97,543.19
4,463,Player_8,DEF,Kill,740.58,811.34
4,463,Player_2,ATK,Utility,488.69,470.3
4,463,Player_7,DEF,Utility,351.99,512.34
4,463,Player_8,DEF,Move,624.42,380.02
4,463,Player_10,DEF,Move,268.75,69.58
4,463,Player_4,ATK,Kill,516.83,515.79
4,464,Player_2,ATK,Kill,201.83,222.71
4,464,Player_1,ATK,Death,466.99,489.02
4,464,Player_9,DEF,Kill,592.43,593.39
4,464,Player_5,ATK,Utility,663.0,161.0
4,464,Player_3,ATK,Utility,500.0,723.0
4,464,Player_9,DEF,Kill,825.02,802.3
4,464,Player_5,ATK,Kill,527.05,590.35
4,465,Player_4,ATK,Utility,840.95,765.23
4,465,Player_1,ATK,Kill,636.58,805.26
4,466,Player_7,DEF,Death,819.93,924.94
4,466,Player_1,ATK,Death,230.66,201.34
4,467,Player_10,DEF,Kill,803.42,843.21
4,467,Player_4,ATK,Death,548.2,539.0
4,467,Player_9,DEF,Kill,759.95,771.26
4,467,Player_7,DEF,Kill,843.32,865.49
4,467,Player_10,DEF,Move,466.84,321.92
4,467,Player_7,DEF,Kill,215.75,214.07
4,468,Player_2,ATK,Death,569.67,552.23
4,468,Player_3,ATK,Move,123.0,441.0
4,468,Player_10,DEF,Death,171.92,189.17
4,468,Player_5,ATK,Death,483.99,424.2
4,468,Player_5,ATK,Kill,681.44,766.52
4,468,Player_7,DEF,Death,777.42,841.19
4,469,Player_4,ATK,Utility,833.22,764.89
4,469,Player_6,DEF,Death,456.59,480.9
4,469,Player_2,ATK,Utility,591.68,650.6
4,470,Player_10,DEF,Kill,498.58,587.87
4,470,Player_1,ATK,Utility,884.84,881.02
4,470,Player_5,ATK,Move,365.99,360.69
4,470,Player_7,DEF,Kill,757.23,807.72
4,470,Player_4,ATK,Move,791.91,784.42
4,470,Player_10,DEF,Utility,546.17,686.91
4,470,Player_7,DEF,Kill,857.19,851.12
4,470,Player_9,DEF,Death,818.59,786.86
4,470,Player_6,DEF,Death,777.85,740.32
4,471,Player_4,ATK,Utility,699.71,787.86
4,471,Player_6,DEF,Utility,639.91,652.98
4,471,Player_5,ATK,Utility,162.55,140.59
4,471,Player_4,ATK,Utility,336.0,850.0
4,471,Player_1,ATK,Move,195.0,763.0
4,471,Player_6,DEF,Kill,257.14,192.56
4,472,Player_8,DEF,Move,223.09,215.28
4,472,Player_3,ATK,Death,812.15,854.5
4,472,Player_6,DEF,Death,801.57,712.42
4,472,Player_2,ATK,Kill,264.3,183.02
4,473,Player_7,DEF,Death,437.73,442.58
4,473,Player_8,DEF,Kill,893.07,720.4
4,473,Player_8,DEF,Kill,371.75,435.99
4,473,Player_5,ATK,Utility,391.55,590.57
4,473,Player_10,DEF,Death,477.52,531.99
4,473,Player_5,ATK,Move,253.0,525.0
4,473,Player_1,ATK,Death,153.57,160.9
4,473,Player_10,DEF,Move,507.0,198.0
4,474,Player_6,DEF,Kill,913.26,835.89
4,474,Player_8,DEF,Utility,853.55,693.9
4,474,Player_6,DEF,Death,434.11,478.92
4,474,Player_7,DEF,Death,816.87,797.53
4,474,Player_4,ATK,Utility,394.79,435.99
4,474,Player_1,ATK,Death,217.31,240.37
4,475,Player_8,DEF,Utility,605.07,542.35
4,475,Player_7,DEF,Death,396.0,542.39
4,475,Player_8,DEF,Move,773.46,908.27
4,475,Player_10,DEF,Utility,644.17,459.46
4,475,Player_2,ATK,Kill,216.31,200.17
4,475,Player_5,ATK,Move,376.72,413.52
4,475,Player_5,ATK,Kill,394.77,511.94
4,475,Player_10,DEF,Kill,501.45,532.75
4,475,Player_5,ATK,Death,433.01,471.13
4,476,Player_5,ATK,Death,895.17,800.15
4,476,Player_6,DEF,Kill,765.11,763.02
4,476,Player_5,ATK,Kill,416.18,450.58
4,476,Player_5,ATK,Kill,547.6,551.71
4,476,Player_10,DEF,Move,564.82,519.49
4,476,Player_2,ATK,Death,883.25,830.18
4,476,Player_9,DEF,Death,159.5,243.86
4,477,Player_10,DEF,Move,194.92,464.23
4,477,Player_2,ATK,Death,231.15,256.84
4,477,Player_5,ATK,Kill,896.03,736.01
4,477,Player_4,ATK,Utility,564.0,361.0
4,477,Player_6,DEF,Death,139.32,231.51
4,477,Player_8,DEF,Death,520.78,434.84
4,478,Player_7,DEF,Move,699.42,587.73
4,478,Player_7,DEF,Kill,496.93,481.44
4,478,Player_1,ATK,Move,712.66,901.45
4,479,Player_1,ATK,Utility,827.05,797.19
4,479,Player_4,ATK,Death,392.57,586.32
4,479,Player_8,DEF,Utility,719.03,561.13
4,479,Player_5,ATK,Utility,672.28,427.35
4,480,Player_6,DEF,Kill,890.31,801.18
4,480,Player_3,ATK,Kill,253.36,236.36
4,480,Player_8,DEF,Utility,703.84,731.88
4,480,Player_10,DEF,Death,840.13,743.62
4,480,Player_4,ATK,Utility,588.72,643.08
4,480,Player_5,ATK,Move,674.76,696.59
4,480,Player_5,ATK,Death,217.83,159.17
4,481,Player_2,ATK,Utility,715.0,897.0
4,482,Player_10,DEF,Kill,212.52,224.13
4,482,Player_9,DEF,Death,697.82,837.28
4,482,Player_5,ATK,Death,470.73,595.66
4,482,Player_1,ATK,Death,242.79,240.51
4,482,Player_9,DEF,Death,732.62,781.05
4,482,Player_8,DEF,Utility,591.87,553.0
4,483,Player_1,ATK,Utility,617.7,542.79
4,483,Player_5,ATK,Utility,134.5,129.11
4,483,Player_3,ATK,Utility,914.01,872.17
4,484,Player_1,ATK,Move,358.21,350.9
4,484,Player_4,ATK,Kill,219.43,65.72
4,485,Player_7,DEF,Death,769.19,853.36
4,485,Player_4,ATK,Death,848.84,815.85
4,485,Player_9,DEF,Utility,760.22,670.51
4,485,Player_9,DEF,Kill,731.85,828.18
4,485,Player_6,DEF,Death,573.89,522.66
4,485,Player_8,DEF,Kill,788.45,804.8
4,486,Player_6,DEF,Kill,225.5,218.75
4,486,Player_10,DEF,Utility,929.0,842.0
4,486,Player_5,ATK,Utility,487.07,504.81
4,486,Player_5,ATK,Utility,152.48,262.05
4,486,Player_10,DEF,Move,565.03,484.11
4,487,Player_6,DEF,Death,163.79,143.24
4,487,Player_7,DEF,Utility,746.0,698.0
4,488,Player_7,DEF,Kill,206.52,207.19
4,489,Player_3,ATK,Utility,441.36,350.75
4,489,Player_1,ATK,Utility,734.68,737.72
4,489,Player_3,ATK,Utility,390.03,422.26
4,490,Player_3,ATK,Move,575.22,451.46
4,490,Player_5,ATK,Utility,219.42,193.72
4,490,Player_2,ATK,Death,545.99,552.59
4,491,Player_7,DEF,Move,922.14,836.66
4,491,Player_7,DEF,Move,823.46,820.4
4,491,Player_5,ATK,Move,180.0,715.0
4,491,Player_3,ATK,Utility,337.46,141.93
4,491,Player_9,DEF,Death,458.62,569.93
4,491,Player_3,ATK,Kill,865.15,800.4
4,492,Player_1,ATK,Kill,783.05,743.45
4,492,Player_1,ATK,Kill,837.63,728.88
4,492,Player_9,DEF,Move,609.0,944.0
4,493,Player_8,DEF,Kill,161.52,258.8
4,493,Player_4,ATK,Death,517.86,440.87
4,493,Player_10,DEF,Death,738.37,787.52
4,493,Player_10,DEF,Utility,318.0,24.0
4,494,Player_2,ATK,Death,458.88,441.33
4,494,Player_9,DEF,Death,281.37,152.54
4,494,Player_3,ATK,Death,254.59,123.93
4,494,Player_10,DEF,Utility,432.95,358.01
4,495,Player_2,ATK,Move,185.0,519.0
4,495,Player_6,DEF,Kill,286.1,248.35
4,495,Player_10,DEF,Move,769.05,703.76
4,495,Player_2,ATK,Kill,522.27,360.9
4,495,Player_5,ATK,Death,228.22,229.2
4,496,Player_3,ATK,Kill,133.79,88.04
4,496,Player_6,DEF,Move,941.0,316.0
4,496,Player_8,DEF,Utility,622.84,524.02
4,496,Player_8,DEF,Utility,497.59,500.91
4,497,Player_5,ATK,Move,442.78,441.22
4,497,Player_10,DEF,Kill,806.49,735.06
4,497,Player_2,ATK,Move,551.6,572.9
4,497,Player_6,DEF,Kill,747.25,762.84
4,497,Player_10,DEF,Utility,517.0,709.0
4,497,Player_6,DEF,Move,460.23,366.17
4,497,Player_5,ATK,Utility,834.36,576.62
4,498,Player_1,ATK,Utility,728.48,561.19
4,498,Player_7,DEF,Kill,320.25,145.58
4,498,Player_8,DEF,Death,168.95,212.35
4,499,Player_6,DEF,Kill,881.02,754.63
4,499,Player_8,DEF,Kill,119.07,195.93
4,499,Player_2,ATK,Kill,173.0,181.21
5,500,Player_9,DEF,Move,217.59,267.89
5,500,Player_4,ATK,Death,202.2,292.45
5,500,Player_4,ATK,Utility,434.28,574.27
5,500,Player_5,ATK,Utility,639.47,594.61
5,500,Player_7,DEF,Move,354.0,890.0
5,500,Player_2,ATK,Kill,808.78,772.75
5,501,Player_8,DEF,Death,451.2,570.96
5,501,Player_2,ATK,Move,891.0,850.0
5,502,Player_8,DEF,Utility,649.32,513.94
5,502,Player_6,DEF,Death,675.89,683.19
5,502,Player_6,DEF,Kill,246.23,218.71
5,502,Player_2,ATK,Death,91.03,223.59
5,502,Player_4,ATK,Move,380.58,358.45
5,502,Player_4,ATK,Death,200.17,167.98
5,502,Player_1,ATK,Utility,932.0,186.0
5,502,Player_7,DEF,Utility,379.39,295.34
5,503,Player_10,DEF,Move,16.0,245.0
5,503,Player_5,ATK,Utility,296.0,498.0
5,504,Player_5,ATK,Move,873.0,408.0
5,504,Player_7,DEF,Utility,586.15,624.17
5,504,Player_9,DEF,Move,114.82,181.86
5,504,Player_5,ATK,Death,485.52,600.23
5,504,Player_9,DEF,Utility,573.72,558.68
5,504,Player_7,DEF,Utility,161.0,415.0
5,505,Player_8,DEF,Kill,279.0,210.69
5,505,Player_2,ATK,Move,665.0,260.0
5,505,Player_10,DEF,Kill,206.3,117.82
5,506,Player_5,ATK,Utility,643.26,470.1
5,506,Player_9,DEF,Utility,575.25,629.71
5,506,Player_9,DEF,Utility,422.35,371.49
5,506,Player_5,ATK,Move,0.0,270.27
5,506,Player_3,ATK,Kill,782.51,659.99
5,506,Player_5,ATK,Utility,333.83,478.3
5,506,Player_5,ATK,Kill,128.52,194.27
5,507,Player_9,DEF,Death,724.85,822.74
5,507,Player_3,ATK,Kill,781.91,773.36
5,507,Player_2,ATK,Move,971.0,839.0
5,507,Player_7,DEF,Utility,161.99,168.75
5,507,Player_10,DEF,Move,685.0,405.0
5,508,Player_2,ATK,Utility,39.48,191.49
5,508,Player_1,ATK,Kill,457.11,505.58
5,509,Player_1,ATK,Kill,571.96,581.26
5,509,Player_9,DEF,Move,631.0,503.0
5,509,Player_9,DEF,Move,904.2,848.31
5,509,Player_7,DEF,Move,396.3,500.92
5,510,Player_6,DEF,Utility,580.09,498.47
5,510,Player_8,DEF,Death,525.03,568.17
5,510,Player_8,DEF,Utility,325.99,350.5
5,510,Player_4,ATK,Move,195.93,287.53
5,510,Player_1,ATK,Utility,378.0,328.0
5,510,Player_7,DEF,Death,681.36,812.09
5,511,Player_6,DEF,Utility,537.24,529.87
5,511,Player_8,DEF,Utility,123.0,0.0
5,511,Player_2,ATK,Utility,452.0,665.0
5,511,Player_6,DEF,Move,304.99,625.37
5,512,Player_1,ATK,Kill,815.33,781.1
5,512,Player_2,ATK,Kill,143.32,246.73
5,512,Player_9,DEF,Death,443.51,538.42
5,512,Player_2,ATK,Move,495.12,361.28
5,513,Player_10,DEF,Death,490.18,521.08
5,513,Player_2,ATK,Move,790.41,580.66
5,513,Player_3,ATK,Utility,262.52,279.35
5,513,Player_8,DEF,Death,608.33,443.9
5,514,Player_2,ATK,Utility,633.23,563.36
5,514,Player_9,DEF,Move,218.55,164.57
5,514,Player_9,DEF,Move,327.0,476.0
5,515,Player_10,DEF,Kill,725.37,761.11
5,515,Player_10,DEF,Move,138.78,240.61
5,515,Player_4,ATK,Utility,905.0,934.0
5,516,Player_8,DEF,Death,145.64,209.73
5,517,Player_4,ATK,Utility,937.0,813.0
5,517,Player_9,DEF,Move,690.8,570.68
5,517,Player_3,ATK,Utility,446.6,236.1
5,517,Player_6,DEF,Kill,532.03,523.85
5,517,Player_2,ATK,Utility,19.96,136.53
5,517,Player_10,DEF,Kill,565.13,504.08
5,518,Player_6,DEF,Move,701.78,575.32
5,518,Player_1,ATK,Kill,767.23,789.97
5,518,Player_6,DEF,Move,812.0,135.0
5,518,Player_3,ATK,Kill,250.47,178.89
5,519,Player_3,ATK,Death,862.08,791.57
5,519,Player_9,DEF,Death,407.95,528.18
5,519,Player_10,DEF,Kill,714.56,711.92
5,519,Player_1,ATK,Death,517.28,549.23
5,519,Player_1,ATK,Kill,259.04,140.51
5,519,Player_10,DEF,Utility,794.38,807.89
5,519,Player_9,DEF,Utility,189.07,428.36
5,519,Player_4,ATK,Utility,812.0,636.75
5,519,Player_9,DEF,Kill,569.97,493.25
5,519,Player_1,ATK,Kill,207.69,214.41
5,520,Player_7,DEF,Utility,765.37,471.06
5,520,Player_10,DEF,Utility,448.03,495.92
5,520,Player_3,ATK,Kill,532.72,581.87
5,520,Player_5,ATK,Utility,442.3,488.22
5,521,Player_5,ATK,Death,816.13,733.83
5,521,Player_7,DEF,Kill,225.87,205.17
5,521,Player_2,ATK,Death,803.85,777.16
5,521,Player_7,DEF,Kill,508.75,428.57
5,522,Player_10,DEF,Death,240.53,230.38
5,522,Player_5,ATK,Death,142.11,196.91
5,522,Player_6,DEF,Death,843.3,909.16
5,522,Player_10,DEF,Kill,109.46,149.68
5,522,Player_4,ATK,Utility,574.86,450.35
5,522,Player_3,ATK,Death,523.86,511.47
5,523,Player_1,ATK,Move,834.0,187.0
5,523,Player_10,DEF,Kill,834.21,721.81
5,523,Player_10,DEF,Death,798.0,871.34
5,523,Player_1,ATK,Death,211.43,73.27
5,523,Player_6,DEF,Kill,455.22,472.54
5,523,Player_1,ATK,Kill,570.49,543.1
5,523,Player_9,DEF,Death,806.6,724.68
5,524,Player_10,DEF,Kill,789.35,746.65
5,524,Player_4,ATK,Kill,760.46,776.28
5,524,Player_1,ATK,Utility,571.63,602.43
5,524,Player_5,ATK,Move,655.4,644.55
5,525,Player_7,DEF,Death,179.58,169.52
5,525,Player_8,DEF,Utility,458.0,816.0
5,526,Player_7,DEF,Move,632.03,450.31
5,526,Player_8,DEF,Kill,248.24,230.46
5,526,Player_6,DEF,Death,494.71,503.63
5,526,Player_10,DEF,Move,696.82,430.47
5,527,Player_7,DEF,Utility,749.62,618.63
5,527,Player_8,DEF,Move,481.66,448.1
5,527,Player_1,ATK,Death,468.29,433.14
5,527,Player_6,DEF,Death,865.95,812.03
5,527,Player_6,DEF,Move,233.55,394.61
5,528,Player_2,ATK,Utility,769.0,564.0
5,528,Player_7,DEF,Kill,726.45,837.1
5,528,Player_1,ATK,Move,947.0,250.0
5,528,Player_8,DEF,Move,382.74,530.48
5,528,Player_1,ATK,Death,838.97,884.26
5,528,Player_10,DEF,Utility,257.43,346.25
5,528,Player_2,ATK,Death,297.88,175.83
5,529,Player_3,ATK,Death,812.79,851.24
5,529,Player_3,ATK,Death,245.82,216.61
5,529,Player_3,ATK,Kill,230.66,153.9
5,529,Player_6,DEF,Kill,531.79,580.42
5,530,Player_2,ATK,Kill,529.97,443.37
5,530,Player_2,ATK,Move,655.0,438.0
5,530,Player_3,ATK,Utility,812.34,719.67
5,530,Player_3,ATK,Kill,215.64,189.97
5,531,Player_6,DEF,Kill,450.38,512.83
5,531,Player_2,ATK,Move,61.6,335.88
5,531,Player_6,DEF,Move,220.93,1.16
5,531,Player_9,DEF,Utility,563.11,358.77
5,531,Player_6,DEF,Move,100.1,99.63
5,532,Player_9,DEF,Utility,260.95,245.7
5,532,Player_10,DEF,Kill,205.09,147.45
5,532,Player_10,DEF,Kill,817.62,821.15
5,532,Player_3,ATK,Kill,785.22,802.98
5,532,Player_9,DEF,Utility,442.0,37.0
5,532,Player_3,ATK,Kill,195.17,186.7
5,533,Player_9,DEF,Death,183.57,257.83
5,533,Player_2,ATK,Utility,450.44,270.24
5,533,Player_6,DEF,Kill,790.86,837.4
5,533,Player_5,ATK,Move,799.0,198.0
5,533,Player_4,ATK,Kill,176.99,104.03
5,533,Player_10,DEF,Kill,799.91,776.74
5,533,Player_9,DEF,Utility,387.7,424.27
5,533,Player_8,DEF,Death,820.96,813.41
5,533,Player_5,ATK,Death,215.37,146.53
5,534,Player_7,DEF,Move,287.0,867.0
5,534,Player_1,ATK,Kill,513.69,587.49
5,534,Player_10,DEF,Death,217.53,335.27
5,534,Player_6,DEF,Death,786.67,840.12
5,534,Player_1,ATK,Utility,149.0,357.0
5,534,Player_6,DEF,Kill,837.68,813.48
5,534,Player_6,DEF,Kill,874.58,809.46
5,535,Player_8,DEF,Utility,680.0,561.0
5,535,Player_10,DEF,Utility,771.51,927.65
5,537,Player_3,ATK,Utility,807.58,904.64
5,537,Player_7,DEF,Move,656.0,790.0
5,537,Player_10,DEF,Kill,811.28,796.56
5,538,Player_4,ATK,Death,776.92,820.81
5,538,Player_2,ATK,Utility,400.53,513.5
5,538,Player_5,ATK,Death,232.67,215.78
5,538,Player_3,ATK,Death,191.81,186.95
5,538,Player_2,ATK,Kill,808.56,847.38
5,538,Player_8,DEF,Death,881.64,820.87
5,538,Player_10,DEF,Death,709.68,894.03
5,539,Player_9,DEF,Move,766.66,780.15
5,539,Player_3,ATK,Utility,629.69,571.21
5,539,Player_2,ATK,Utility,39.0,689.0
5,540,Player_8,DEF,Utility,25.9,286.55
5,540,Player_10,DEF,Move,843.0,281.0
5,540,Player_8,DEF,Move,570.24,581.68
5,540,Player_6,DEF,Death,439.04,439.58
5,540,Player_4,ATK,Kill,480.56,462.76
5,540,Player_3,ATK,Death,183.2,210.72
5,540,Player_10,DEF,Move,856.0,651.0
5,540,Player_3,ATK,Death,429.91,493.63
5,541,Player_5,ATK,Kill,491.14,444.79
5,541,Player_6,DEF,Kill,812.59,753.77
5,541,Player_2,ATK,Kill,508.77,532.56
5,541,Player_10,DEF,Utility,86.66,151.43
5,541,Player_6,DEF,Utility,789.92,847.91
5,541,Player_5,ATK,Utility,858.0,126.0
5,541,Player_10,DEF,Move,781.57,815.71
5,541,Player_8,DEF,Move,749.84,860.66
5,542,Player_4,ATK,Death,227.82,212.69
5,542,Player_10,DEF,Kill,204.78,257.29
5,542,Player_6,DEF,Death,818.01,874.54
5,542,Player_10,DEF,Kill,514.7,563.48
5,542,Player_5,ATK,Utility,420.0,751.0
5,543,Player_10,DEF,Utility,627.01,607.53
5,543,Player_8,DEF,Death,495.41,603.23
5,543,Player_8,DEF,Utility,478.99,638.65
5,543,Player_1,ATK,Death,899.71,863.24
5,543,Player_9,DEF,Death,501.65,510.93
5,543,Player_1,ATK,Death,497.13,513.09
5,543,Player_2,ATK,Death,709.33,707.01
5,543,Player_6,DEF,Death,492.99,522.94
5,543,Player_9,DEF,Kill,727.17,807.33
5,543,Player_5,ATK,Move,154.64,281.91
5,544,Player_10,DEF,Kill,522.54,576.51
5,544,Player_2,ATK,Kill,737.75,768.21
5,544,Player_6,DEF,Move,429.32,419.42
5,544,Player_4,ATK,Death,540.32,418.92
5,545,Player_5,ATK,Kill,212.97,286.45
5,545,Player_5,ATK,Move,551.16,467.55
5,545,Player_1,ATK,Utility,332.87,586.63
5,545,Player_5,ATK,Kill,486.98,478.66
5,545,Player_1,ATK,Utility,539.25,697.15
5,545,Player_7,DEF,Utility,404.0,101.0
5,546,Player_1,ATK,Death,455.74,524.18
5,546,Player_7,DEF,Utility,1000.0,759.97
5,546,Player_1,ATK,Death,841.37,785.49
5,546,Player_2,ATK,Move,856.0,853.51
5,546,Player_10,DEF,Move,691.61,605.88
5,547,Player_1,ATK,Kill,256.0,190.49
5,547,Player_1,ATK,Kill,732.39,821.2
5,547,Player_3,ATK,Death,796.8,800.91
5,547,Player_1,ATK,Kill,270.34,115.78
5,547,Player_2,ATK,Kill,558.22,551.74
5,547,Player_10,DEF,Utility,910.0,932.0
5,547,Player_1,ATK,Utility,435.35,569.32
5,549,Player_7,DEF,Move,194.77,218.09
5,549,Player_10,DEF,Move,83.85,174.79
5,549,Player_5,ATK,Utility,492.09,505.8
5,550,Player_9,DEF,Utility,826.0,894.0
5,550,Player_1,ATK,Utility,153.61,504.98
5,550,Player_5,ATK,Kill,490.22,519.92
5,550,Player_5,ATK,Move,228.0,818.0
5,550,Player_10,DEF,Death,585.9,460.6
5,550,Player_4,ATK,Move,802.0,725.0
5,550,Player_9,DEF,Move,277.37,324.76
5,550,Player_3,ATK,Death,790.73,777.7
5,551,Player_1,ATK,Utility,706.62,426.88
5,551,Player_6,DEF,Kill,185.25,208.75
5,551,Player_5,ATK,Death,839.81,788.34
5,551,Player_2,ATK,Kill,804.14,739.85
5,551,Player_3,ATK,Kill,829.3,795.4
5,551,Player_5,ATK,Move,393.6,726.74
5,552,Player_7,DEF,Death,229.76,248.56
5,552,Player_10,DEF,Utility,714.93,486.01
5,552,Player_1,ATK,Move,841.84,823.66
5,552,Player_8,DEF,Move,240.96,120.35
5,552,Player_1,ATK,Kill,489.48,396.88
5,552,Player_4,ATK,Utility,49.0,61.0
5,552,Player_9,DEF,Kill,224.88,248.73
5,552,Player_6,DEF,Utility,389.39,462.05
5,552,Player_2,ATK,Utility,431.32,487.56
5,552,Player_1,ATK,Death,807.18,825.91
5,552,Player_7,DEF,Kill,787.78,835.42
5,553,Player_4,ATK,Move,618.0,410.0
5,553,Player_5,ATK,Move,412.0,956.0
5,553,Player_5,ATK,Utility,806.65,744.86
5,553,Player_3,ATK,Move,999.0,867.0
5,553,Player_7,DEF,Utility,176.19,216.1
5,553,Player_3,ATK,Utility,833.23,884.89
5,554,Player_6,DEF,Death,314.41,139.47
5,554,Player_1,ATK,Kill,201.21,217.25
5,555,Player_8,DEF,Death,560.87,484.8
5,555,Player_8,DEF,Move,169.28,388.37
5,555,Player_4,ATK,Death,789.08,752.33
5,555,Player_1,ATK,Death,812.45,828.95
5,555,Player_7,DEF,Death,798.84,762.96
5,556,Player_3,ATK,Death,210.74,133.41
5,556,Player_8,DEF,Utility,919.0,678.0
5,556,Player_2,ATK,Move,905.04,811.47
5,556,Player_6,DEF,Utility,656.5,676.08
5,556,Player_4,ATK,Death,540.98,534.54
5,557,Player_5,ATK,Move,509.87,575.29
5,557,Player_2,ATK,Utility,238.65,248.43
5,557,Player_5,ATK,Death,233.02,228.99
5,557,Player_6,DEF,Move,701.09,529.57
5,557,Player_7,DEF,Move,418.63,442.52
5,557,Player_1,ATK,Utility,555.44,484.09
5,557,Player_3,ATK,Move,137.99,244.56
5,558,Player_2,ATK,Utility,873.36,756.79
5,558,Player_2,ATK,Death,461.65,522.04
5,558,Player_7,DEF,Utility,898.0,657.0
5,558,Player_3,ATK,Move,721.75,652.82
5,558,Player_7,DEF,Death,836.29,820.79
5,558,Player_8,DEF,Kill,225.38,158.38
5,558,Player_8,DEF,Death,756.37,811.83
5,559,Player_8,DEF,Kill,219.85,276.21
5,559,Player_2,ATK,Death,217.1,185.97
5,559,Player_4,ATK,Kill,701.33,769.82
5,559,Player_4,ATK,Death,758.68,785.19
5,559,Player_8,DEF,Kill,273.12,159.97
5,559,Player_7,DEF,Utility,972.0,144.0
5,560,Player_8,DEF,Utility,336.88,308.24
5,560,Player_9,DEF,Utility,768.86,726.77
5,560,Player_9,DEF,Kill,137.18,252.99
5,560,Player_1,ATK,Move,742.74,598.45
5,560,Player_10,DEF,Move,513.94,533.51
5,560,Player_2,ATK,Move,818.78,714.32
5,561,Player_10,DEF,Move,583.1,463.6
5,561,Player_9,DEF,Death,208.55,195.71
5,561,Player_5,ATK,Utility,638.88,612.2
5,561,Player_3,ATK,Utility,146.0,795.0
5,561,Player_9,DEF,Utility,116.0,871.0
5,562,Player_3,ATK,Move,816.79,566.25
5,562,Player_8,DEF,Death,770.86,823.87
5,562,Player_10,DEF,Death,219.84,230.04
5,562,Player_8,DEF,Kill,499.38,458.7
5,562,Player_9,DEF,Utility,251.72,248.81
5,563,Player_2,ATK,Move,574.16,620.6
5,563,Player_1,ATK,Move,89.0,876.0
5,563,Player_1,ATK,Kill,454.24,514.53
5,563,Player_8,DEF,Death,753.41,785.51
5,563,Player_4,ATK,Death,521.66,599.27
5,564,Player_1,ATK,Utility,530.0,378.0
5,564,Player_5,ATK,Death,469.94,564.0
5,564,Player_2,ATK,Move,988.0,444.0
5,564,Player_3,ATK,Move,400.93,453.21
5,564,Player_4,ATK,Kill,783.88,750.14
5,564,Player_5,ATK,Move,582.44,410.74
5,564,Player_7,DEF,Utility,874.27,710.26
5,564,Player_9,DEF,Move,377.37,534.38
5,565,Player_5,ATK,Death,213.42,94.95
5,565,Player_4,ATK,Move,496.0,850.0
5,565,Player_7,DEF,Utility,394.1,534.93
5,565,Player_5,ATK,Death,204.27,250.9
5,565,Player_1,ATK,Death,680.18,802.97
5,565,Player_8,DEF,Kill,226.96,186.05
5,565,Player_2,ATK,Death,848.43,771.51
5,566,Player_3,ATK,Utility,133.33,323.56
5,566,Player_7,DEF,Kill,776.41,802.78
5,566,Player_3,ATK,Kill,868.37,812.35
5,566,Player_3,ATK,Utility,693.7,883.53
5,566,Player_10,DEF,Kill,492.17,487.91
5,566,Player_3,ATK,Utility,192.0,849.0
5,567,Player_2,ATK,Utility,417.87,375.6
5,567,Player_1,ATK,Death,482.2,551.45
5,567,Player_8,DEF,Utility,855.0,931.0
5,567,Player_6,DEF,Move,411.7,469.88
5,567,Player_10,DEF,Utility,502.0,257.0
5,568,Player_3,ATK,Utility,450.5,417.35
5,568,Player_10,DEF,Utility,748.86,879.9
5,568,Player_8,DEF,Death,521.76,526.44
5,568,Player_10,DEF,Move,357.69,435.87
5,568,Player_2,ATK,Kill,808.73,769.74
5,568,Player_9,DEF,Utility,194.8,165.56
5,569,Player_7,DEF,Move,593.0,772.0
5,569,Player_10,DEF,Utility,507.0,288.0
5,569,Player_2,ATK,Death,290.27,179.71
5,570,Player_9,DEF,Utility,842.0,170.0
5,571,Player_10,DEF,Kill,802.3,859.06
5,571,Player_5,ATK,Kill,193.89,118.9
5,571,Player_9,DEF,Move,116.0,696.0
5,571,Player_3,ATK,Kill,179.15,231.12
5,571,Player_4,ATK,Death,747.62,740.04
5,571,Player_10,DEF,Utility,672.25,576.15
5,571,Player_6,DEF,Death,473.69,605.18
5,571,Player_7,DEF,Death,425.66,393.31
5,571,Player_5,ATK,Utility,154.01,193.12
5,572,Player_8,DEF,Kill,850.78,761.24
5,572,Player_3,ATK,Kill,191.41,295.76
5,572,Player_6,DEF,Utility,584.0,804.0
5,572,Player_9,DEF,Utility,391.42,410.95
5,572,Player_9,DEF,Kill,541.93,499.3
5,573,Player_5,ATK,Move,345.0,341.0
5,573,Player_6,DEF,Death,177.17,193.4
5,573,Player_10,DEF,Kill,569.36,560.69
5,573,Player_6,DEF,Utility,342.42,219.86
5,573,Player_9,DEF,Utility,860.0,39.0
5,573,Player_5,ATK,Move,497.0,905.0
5,573,Player_6,DEF,Death,437.91,517.77
5,574,Player_6,DEF,Kill,153.11,151.44
5,574,Player_2,ATK,Utility,512.37,531.05
5,574,Player_10,DEF,Death,220.96,142.3
5,574,Player_8,DEF,Death,403.21,503.05
5,574,Player_7,DEF,Death,763.42,755.26
5,574,Player_10,DEF,Kill,759.53,787.34
5,575,Player_1,ATK,Move,711.76,913.46
5,575,Player_3,ATK,Death,234.35,201.19
5,575,Player_8,DEF,Move,354.26,327.56
5,575,Player_3,ATK,Move,553.0,847.0
5,576,Player_9,DEF,Move,586.58,589.38
5,576,Player_8,DEF,Move,429.9,533.81
5,576,Player_10,DEF,Utility,221.0,185.0
5,576,Player_8,DEF,Move,672.0,182.0
5,576,Player_9,DEF,Move,332.0,733.0
5,576,Player_10,DEF,Kill,100.38,300.73
5,576,Player_6,DEF,Utility,531.0,324.0
5,576,Player_5,ATK,Utility,446.94,478.65
5,576,Player_1,ATK,Kill,515.83,412.13
5,576,Player_3,ATK,Kill,834.9,806.48
5,576,Player_6,DEF,Move,454.66,393.12
5,576,Player_8,DEF,Kill,797.18,849.31
5,576,Player_5,ATK,Death,826.33,708.78
5,576,Player_8,DEF,Utility,790.15,719.42
5,576,Player_1,ATK,Move,892.08,830.63
5,577,Player_8,DEF,Death,457.83,536.12
5,577,Player_6,DEF,Move,305.25,387.7
5,577,Player_7,DEF,Kill,755.14,864.55
5,578,Player_5,ATK,Move,787.85,838.48
5,578,Player_10,DEF,Move,367.0,471.0
5,578,Player_1,ATK,Utility,574.47,631.96
5,578,Player_7,DEF,Kill,581.82,531.21
5,578,Player_10,DEF,Move,322.53,451.28
5,579,Player_8,DEF,Kill,465.37,486.49
5,579,Player_7,DEF,Utility,413.03,367.36
5,579,Player_7,DEF,Death,864.34,882.73
5,580,Player_1,ATK,Kill,199.18,187.27
5,580,Player_1,ATK,Death,812.83,775.64
5,580,Player_3,ATK,Kill,493.65,572.38
5,581,Player_2,ATK,Death,491.98,509.34
5,582,Player_3,ATK,Move,173.0,751.0
5,582,Player_1,ATK,Utility,519.59,396.14
5,582,Player_4,ATK,Utility,596.18,437.54
5,582,Player_1,ATK,Kill,566.72,556.98
5,582,Player_3,ATK,Death,776.12,751.82
5,582,Player_6,DEF,Kill,808.34,744.82
5,583,Player_5,ATK,Utility,279.4,0.0
5,583,Player_3,ATK,Move,553.2,610.4
5,583,Player_3,ATK,Kill,205.23,208.2
5,583,Player_9,DEF,Move,212.0,358.0
5,584,Player_7,DEF,Move,233.0,177.0
5,584,Player_2,ATK,Move,719.12,498.54
5,584,Player_9,DEF,Kill,553.11,451.42
5,584,Player_10,DEF,Kill,816.91,759.98
5,584,Player_2,ATK,Utility,264.37,375.52
5,585,Player_7,DEF,Utility,541.0,903.0
5,586,Player_4,ATK,Kill,438.65,378.67
5,586,Player_10,DEF,Move,1000.0,791.53
5,586,Player_5,ATK,Death,156.53,278.5
5,586,Player_4,ATK,Move,415.0,129.0
5,586,Player_2,ATK,Kill,791.45,828.3
5,587,Player_3,ATK,Kill,852.91,879.99
5,587,Player_2,ATK,Kill,479.16,515.53
5,587,Player_6,DEF,Move,224.11,235.16
5,587,Player_5,ATK,Utility,181.0,56.0
5,588,Player_8,DEF,Utility,264.0,625.0
5,588,Player_9,DEF,Death,806.11,844.94
5,588,Player_3,ATK,Death,224.52,199.94
5,588,Player_3,ATK,Move,199.77,67.67
5,588,Player_7,DEF,Kill,478.5,515.89
5,589,Player_4,ATK,Move,883.75,726.96
5,589,Player_2,ATK,Death,599.72,491.16
5,589,Player_4,ATK,Move,593.18,624.24
5,589,Player_4,ATK,Move,399.83,316.13
5,589,Player_10,DEF,Utility,550.0,59.0
5,590,Player_2,ATK,Move,277.4,160.49
5,590,Player_7,DEF,Utility,521.0,110.0
5,591,Player_5,ATK,Utility,327.21,450.63
5,591,Player_7,DEF,Death,235.41,211.83
5,591,Player_6,DEF,Kill,463.44,493.26
5,591,Player_8,DEF,Kill,766.67,815.98
5,591,Player_9,DEF,Kill,801.5,773.29
5,591,Player_5,ATK,Utility,525.92,461.65
5,591,Player_3,ATK,Utility,863.68,676.48
5,591,Player_8,DEF,Utility,922.21,713.52
5,591,Player_10,DEF,Move,695.0,583.0
5,591,Player_3,ATK,Move,883.66,837.27
5,592,Player_2,ATK,Utility,374.31,103.93
5,592,Player_5,ATK,Utility,780.85,665.51
5,592,Player_3,ATK,Utility,341.03,410.71
5,592,Player_9,DEF,Move,373.0,741.0
5,592,Player_2,ATK,Kill,493.64,514.32
5,592,Player_4,ATK,Move,856.07,478.32
5,593,Player_7,DEF,Kill,852.53,784.87
5,593,Player_7,DEF,Kill,132.23,229.16
5,593,Player_10,DEF,Death,240.69,189.0
5,594,Player_4,ATK,Death,182.35,151.71
5,594,Player_5,ATK,Move,746.21,860.17
5,594,Player_3,ATK,Kill,435.48,500.04
5,595,Player_6,DEF,Move,236.0,872.0
5,595,Player_8,DEF,Death,479.03,493.62
5,595,Player_8,DEF,Utility,51.0,192.0
5,596,Player_8,DEF,Kill,251.17,255.03
5,596,Player_6,DEF,Move,807.0,659.0
5,596,Player_10,DEF,Move,912.0,652.0
5,597,Player_1,ATK,Kill,284.59,162.73
5,597,Player_7,DEF,Kill,735.09,785.8
5,597,Player_6,DEF,Utility,333.56,362.99
5,598,Player_4,ATK,Move,665.88,701.69
5,598,Player_4,ATK,Kill,452.34,489.0
5,598,Player_7,DEF,Death,151.15,179.9
5,598,Player_8,DEF,Move,299.0,854.0
5,598,Player_7,DEF,Death,766.24,773.3
5,598,Player_10,DEF,Death,788.26,796.02
5,599,Player_4,ATK,Utility,669.0,47.0
5,599,Player_9,DEF,Utility,690.0,578.0
5,599,Player_6,DEF,Move,154.0,516.0
5,599,Player_6,DEF,Utility,420.23,507.11
5,599,Player_2,ATK,Utility,490.36,656.32
5,599,Player_5,ATK,Utility,788.0,519.0
6,600,Player_3,ATK,Death,457.31,571.58
6,600,Player_8,DEF,Kill,479.66,474.73
6,600,Player_3,ATK,Utility,890.0,318.0
6,600,Player_4,ATK,Death,551.9,433.93
6,600,Player_8,DEF,Utility,841.0,900.0
6,601,Player_6,DEF,Kill,702.65,725.24
6,601,Player_3,ATK,Kill,422.09,588.58
6,601,Player_10,DEF,Move,385.87,403.45
6,601,Player_5,ATK,Death,814.95,788.35
6,601,Player_7,DEF,Kill,823.52,726.8
6,602,Player_10,DEF,Utility,565.11,705.46
6,602,Player_8,DEF,Utility,262.0,156.0
6,602,Player_3,ATK,Kill,455.26,499.68
6,602,Player_2,ATK,Utility,637.63,697.82
6,602,Player_3,ATK,Death,780.45,725.55
6,602,Player_6,DEF,Kill,510.44,613.41
6,603,Player_4,ATK,Move,809.64,826.03
6,603,Player_2,ATK,Move,669.07,601.41
6,603,Player_4,ATK,Death,738.24,864.4
6,603,Player_2,ATK,Kill,516.75,480.76
6,603,Player_2,ATK,Utility,405.0,970.0
6,603,Player_9,DEF,Kill,503.0,502.98
6,604,Player_4,ATK,Utility,221.74,0.0
6,604,Player_4,ATK,Death,192.77,194.77
6,604,Player_6,DEF,Utility,224.0,974.0
6,604,Player_2,ATK,Move,768.0,905.0
6,604,Player_3,ATK,Death,532.76,548.61
6,604,Player_8,DEF,Kill,249.73,171.91
6,604,Player_3,ATK,Death,787.46,906.98
6,605,Player_10,DEF,Kill,828.65,730.79
6,605,Player_7,DEF,Move,912.28,827.46
6,605,Player_4,ATK,Move,116.81,140.99
6,605,Player_5,ATK,Kill,532.98,468.73
6,605,Player_1,ATK,Utility,850.77,751.42
6,605,Player_9,DEF,Utility,508.0,146.0
6,606,Player_8,DEF,Death,732.1,733.84
6,606,Player_5,ATK,Utility,653.0,724.0
6,606,Player_4,ATK,Kill,231.38,251.48
6,607,Player_7,DEF,Death,783.82,767.3
6,607,Player_2,ATK,Utility,382.2,382.9
6,607,Player_3,ATK,Death,591.66,471.37
6,607,Player_4,ATK,Move,457.0,336.0
6,607,Player_9,DEF,Kill,543.95,450.22
6,608,Player_2,ATK,Death,876.45,771.59
6,608,Player_8,DEF,Death,199.96,169.77
6,608,Player_3,ATK,Death,497.07,501.05
6,608,Player_8,DEF,Death,601.5,494.79
6,608,Player_6,DEF,Utility,170.0,452.0
6,608,Player_10,DEF,Utility,808.07,713.71
6,609,Player_2,ATK,Death,717.97,856.31
6,609,Player_6,DEF,Death,818.34,881.32
6,609,Player_8,DEF,Kill,257.73,192.92
6,609,Player_4,ATK,Kill,209.16,139.32
6,610,Player_10,DEF,Death,485.95,469.39
6,610,Player_9,DEF,Death,814.49,735.83
6,610,Player_8,DEF,Kill,839.37,751.99
6,611,Player_8,DEF,Utility,427.16,521.56
6,611,Player_3,ATK,Death,275.38,267.1
6,611,Player_4,ATK,Move,959.0,317.0
6,612,Player_5,ATK,Kill,215.97,72.02
6,612,Player_2,ATK,Kill,712.68,828.26
6,612,Player_1,ATK,Utility,256.82,102.59
6,612,Player_8,DEF,Move,451.44,355.23
6,612,Player_10,DEF,Utility,702.0,422.0
6,613,Player_4,ATK,Death,778.15,672.06
6,613,Player_3,ATK,Death,158.5,139.55
6,613,Player_9,DEF,Death,434.97,562.9
6,613,Player_3,ATK,Death,770.91,892.41
6,613,Player_4,ATK,Move,652.82,700.52
6,613,Player_4,ATK,Kill,836.17,813.23
6,613,Player_4,ATK,Move,584.67,494.88
6,613,Player_9,DEF,Utility,997.0,67.0
6,613,Player_2,ATK,Move,582.01,436.72
6,614,Player_4,ATK,Death,785.95,827.08
6,615,Player_5,ATK,Utility,750.0,64.0
6,615,Player_3,ATK,Utility,909.5,925.14
6,615,Player_2,ATK,Move,150.58,214.12
6,616,Player_6,DEF,Kill,510.73,497.8
6,616,Player_6,DEF,Move,211.03,289.05
6,616,Player_2,ATK,Kill,352.82,278.44
6,616,Player_6,DEF,Move,452.26,391.02
6,616,Player_8,DEF,Death,747.74,744.15
6,616,Player_8,DEF,Death,811.35,709.01
6,616,Player_7,DEF,Kill,225.49,188.39
6,617,Player_4,ATK,Death,191.31,214.02
6,617,Player_3,ATK,Death,191.83,271.82
6,617,Player_8,DEF,Move,861.29,784.89
6,617,Player_9,DEF,Kill,239.14,252.47
6,617,Player_10,DEF,Kill,822.57,810.93
6,617,Player_5,ATK,Death,940.78,860.76
6,618,Player_2,ATK,Kill,505.28,450.04
6,619,Player_8,DEF,Kill,216.36,199.15
6,619,Player_4,ATK,Move,777.36,689.45
6,619,Player_2,ATK,Utility,551.67,438.08
6,619,Player_3,ATK,Death,853.07,883.98
6,619,Player_7,DEF,Kill,831.13,835.58
6,620,Player_5,ATK,Utility,717.65,435.75
6,620,Player_9,DEF,Utility,382.0,284.0
6,620,Player_4,ATK,Move,498.26,528.1
6,620,Player_8,DEF,Move,646.91,445.2
6,620,Player_6,DEF,Utility,989.0,821.0
6,620,Player_6,DEF,Move,566.58,663.2
6,620,Player_10,DEF,Kill,743.72,788.86
6,621,Player_2,ATK,Utility,441.6,589.02
6,621,Player_3,ATK,Kill,879.74,737.65
6,621,Player_9,DEF,Move,641.73,685.8
6,622,Player_3,ATK,Move,678.4,646.1
6,622,Player_1,ATK,Utility,386.23,415.94
6,622,Player_4,ATK,Utility,235.0,709.0
6,622,Player_10,DEF,Move,640.3,690.7
6,622,Player_2,ATK,Utility,609.7,403.22
6,624,Player_3,ATK,Death,736.91,829.05
6,624,Player_3,ATK,Kill,235.19,262.55
6,624,Player_2,ATK,Utility,85.0,147.0
6,624,Player_8,DEF,Death,789.82,755.85
6,624,Player_1,ATK,Move,585.31,397.05
6,625,Player_4,ATK,Move,135.26,244.8
6,625,Player_9,DEF,Utility,455.27,555.74
6,625,Player_2,ATK,Death,129.95,200.55
6,626,Player_9,DEF,Death,557.85,445.97
6,626,Player_6,DEF,Utility,231.06,184.53
6,626,Player_3,ATK,Kill,451.83,423.35
6,626,Player_2,ATK,Kill,108.2,237.48
6,627,Player_5,ATK,Utility,390.7,476.6
6,627,Player_2,ATK,Death,859.32,740.74
6,627,Player_9,DEF,Utility,865.0,285.0
6,628,Player_7,DEF,Death,204.75,195.01
6,628,Player_3,ATK,Utility,575.71,402.62
6,628,Player_4,ATK,Death,224.27,271.54
6,629,Player_7,DEF,Utility,191.48,115.99
6,629,Player_9,DEF,Kill,197.31,228.92
6,630,Player_8,DEF,Utility,518.95,392.31
6,630,Player_6,DEF,Kill,535.96,575.18
6,630,Player_2,ATK,Kill,386.08,502.28
6,630,Player_1,ATK,Move,850.0,482.0
6,630,Player_5,ATK,Utility,260.17,223.91
6,630,Player_10,DEF,Kill,835.15,779.22
6,630,Player_6,DEF,Utility,640.89,554.47
6,630,Player_6,DEF,Kill,298.51,219.02
6,631,Player_7,DEF,Death,828.42,780.94
6,631,Player_6,DEF,Move,195.74,173.24
6,631,Player_1,ATK,Kill,231.57,244.81
6,631,Player_5,ATK,Utility,250.94,140.54
6,631,Player_5,ATK,Kill,488.57,438.13
6,632,Player_5,ATK,Move,666.46,604.01
6,632,Player_8,DEF,Move,378.0,82.0
6,632,Player_10,DEF,Utility,320.89,350.34
6,632,Player_6,DEF,Utility,377.08,403.09
6,632,Player_1,ATK,Death,832.91,788.24
6,632,Player_7,DEF,Kill,634.81,543.62
6,633,Player_7,DEF,Death,197.09,306.45
6,633,Player_10,DEF,Move,232.23,161.94
6,633,Player_7,DEF,Kill,535.49,528.96
6,633,Player_7,DEF,Kill,850.15,680.37
6,633,Player_1,ATK,Utility,7.0,791.0
6,633,Player_2,ATK,Death,788.73,782.06
6,633,Player_7,DEF,Utility,397.22,384.85
6,634,Player_3,ATK,Death,491.77,493.88
6,634,Player_10,DEF,Death,200.28,274.92
6,634,Player_7,DEF,Move,706.0,107.0
6,634,Player_8,DEF,Death,237.72,143.22
6,634,Player_7,DEF,Kill,144.72,157.9
6,634,Player_2,ATK,Move,561.07,864.82
6,635,Player_6,DEF,Kill,512.23,656.78
6,635,Player_5,ATK,Kill,576.5,483.27
6,635,Player_5,ATK,Death,808.44,815.2
6,635,Player_2,ATK,Death,815.91,814.88
6,635,Player_3,ATK,Death,838.58,821.55
6,635,Player_4,ATK,Kill,114.54,99.87
6,635,Player_9,DEF,Kill,210.83,266.28
6,635,Player_5,ATK,Death,801.23,735.88
6,635,Player_1,ATK,Death,315.39,138.19
6,636,Player_2,ATK,Kill,160.06,212.22
6,636,Player_9,DEF,Utility,779.26,799.23
6,636,Player_10,DEF,Death,795.26,722.57
6,636,Player_6,DEF,Death,176.58,169.26
6,636,Player_6,DEF,Move,704.42,673.25
6,636,Player_5,ATK,Death,805.17,827.97
6,636,Player_2,ATK,Kill,747.3,817.13
6,636,Player_8,DEF,Utility,774.77,541.48
6,636,Player_2,ATK,Kill,199.85,162.55
6,636,Player_10,DEF,Move,171.95,161.63
6,636,Player_5,ATK,Move,205.13,227.43
6,637,Player_6,DEF,Utility,689.3,714.9
6,637,Player_1,ATK,Death,132.11,199.24
6,637,Player_5,ATK,Death,179.31,65.6
6,637,Player_5,ATK,Death,493.96,452.79
6,637,Player_5,ATK,Death,729.71,834.01
6,637,Player_5,ATK,Kill,196.47,258.75
6,637,Player_4,ATK,Utility,400.88,393.22
6,638,Player_8,DEF,Death,846.73,788.74
6,638,Player_6,DEF,Move,531.71,491.95
6,638,Player_3,ATK,Kill,204.76,197.39
6,638,Player_6,DEF,Death,200.84,211.83
6,638,Player_7,DEF,Kill,819.16,793.04
6,638,Player_4,ATK,Move,266.52,48.42
6,639,Player_4,ATK,Kill,204.17,99.71
6,639,Player_6,DEF,Death,209.02,220.17
6,639,Player_3,ATK,Move,444.0,818.0
6,639,Player_6,DEF,Utility,618.37,635.57
6,640,Player_2,ATK,Move,420.76,534.42
6,640,Player_7,DEF,Kill,600.89,484.49
6,640,Player_4,ATK,Death,499.75,526.59
6,640,Player_1,ATK,Death,213.73,263.77
6,640,Player_1,ATK,Move,632.41,586.71
6,640,Player_3,ATK,Death,869.69,834.67
6,641,Player_10,DEF,Death,391.09,491.95
6,641,Player_1,ATK,Kill,816.3,846.2
6,641,Player_5,ATK,Death,786.1,819.23
6,642,Player_10,DEF,Utility,826.0,611.0
6,642,Player_7,DEF,Move,674.59,485.02
6,642,Player_6,DEF,Move,595.78,590.77
6,642,Player_1,ATK,Move,345.0,995.0
6,642,Player_2,ATK,Death,445.01,480.72
6,643,Player_2,ATK,Death,444.32,522.32
6,643,Player_2,ATK,Utility,310.43,543.02
6,644,Player_9,DEF,Utility,863.57,656.38
6,644,Player_3,ATK,Move,823.0,140.0
6,644,Player_6,DEF,Move,751.05,652.87
6,644,Player_3,ATK,Death,215.96,145.2
6,645,Player_1,ATK,Kill,152.53,221.8
6,645,Player_10,DEF,Move,177.58,239.81
6,645,Player_1,ATK,Move,766.16,908.58
6,645,Player_2,ATK,Death,731.67,729.41
6,645,Player_1,ATK,Kill,206.97,209.64
6,645,Player_9,DEF,Death,167.0,163.53
6,645,Player_6,DEF,Move,522.75,483.14
6,646,Player_10,DEF,Kill,497.36,428.59
6,646,Player_8,DEF,Kill,556.92,539.99
6,646,Player_3,ATK,Death,470.91,473.57
6,646,Player_5,ATK,Utility,773.92,652.8
6,647,Player_9,DEF,Move,676.51,737.0
6,647,Player_7,DEF,Move,842.52,870.36
6,647,Player_6,DEF,Death,468.27,426.83
6,647,Player_4,ATK,Kill,427.02,397.46
6,647,Player_5,ATK,Utility,541.0,464.07
6,647,Player_1,ATK,Kill,204.06,211.35
6,648,Player_3,ATK,Kill,506.32,520.3
6,648,Player_6,DEF,Utility,553.24,481.62
6,648,Player_9,DEF,Death,206.84,276.45
6,649,Player_3,ATK,Move,647.18,606.81
6,649,Player_5,ATK,Kill,427.25,581.32
6,649,Player_1,ATK,Move,144.9,316.07
6,649,Player_4,ATK,Death,171.95,317.34
6,649,Player_2,ATK,Move,602.6,601.6
6,649,Player_10,DEF,Move,324.0,27.0
6,650,Player_5,ATK,Kill,447.53,563.65
6,650,Player_7,DEF,Death,193.42,194.49
6,650,Player_8,DEF,Kill,787.5,804.07
6,651,Player_2,ATK,Kill,896.78,822.19
6,651,Player_8,DEF,Utility,291.12,463.6
6,651,Player_8,DEF,Move,728.0,388.0
6,651,Player_9,DEF,Move,781.81,779.84
6,651,Player_6,DEF,Death,289.72,249.41
6,651,Player_2,ATK,Kill,803.25,824.6
6,651,Player_1,ATK,Kill,456.52,492.52
6,651,Player_4,ATK,Move,713.0,126.0
6,651,Player_3,ATK,Kill,777.3,803.41
6,651,Player_3,ATK,Death,777.03,869.62
6,652,Player_9,DEF,Kill,788.49,856.55
6,652,Player_1,ATK,Kill,531.67,481.03
6,652,Player_2,ATK,Death,164.08,175.25
6,652,Player_5,ATK,Death,476.69,553.3
6,652,Player_4,ATK,Move,877.0,439.0
6,652,Player_6,DEF,Kill,583.24,534.31
6,652,Player_10,DEF,Move,801.69,981.67
6,652,Player_2,ATK,Move,459.47,436.26
6,652,Player_6,DEF,Death,783.26,779.17
6,653,Player_10,DEF,Move,182.0,422.0
6,653,Player_4,ATK,Death,180.46,225.6
6,653,Player_7,DEF,Death,798.67,800.94
6,654,Player_1,ATK,Death,461.07,602.12
6,654,Player_8,DEF,Utility,508.98,552.6
6,654,Player_8,DEF,Move,988.0,117.0
6,654,Player_1,ATK,Utility,498.82,416.89
6,655,Player_2,ATK,Move,390.7,423.96
6,655,Player_8,DEF,Move,657.87,514.07
6,655,Player_2,ATK,Death,110.91,281.45
6,655,Player_2,ATK,Move,675.92,609.23
6,656,Player_8,DEF,Move,603.65,552.46
6,656,Player_10,DEF,Kill,149.42,245.19
6,656,Player_4,ATK,Move,919.35,811.43
6,656,Player_8,DEF,Kill,560.49,493.88
6,656,Player_3,ATK,Move,811.0,944.0
6,656,Player_3,ATK,Utility,597.01,645.05
6,657,Player_4,ATK,Death,215.24,237.32
6,657,Player_9,DEF,Move,232.23,489.61
6,657,Player_8,DEF,Move,798.92,765.94
6,657,Player_6,DEF,Kill,458.28,592.25
6,657,Player_5,ATK,Death,820.05,766.37
6,657,Player_1,ATK,Kill,774.12,784.6
6,657,Player_9,DEF,Move,553.9,626.7
6,658,Player_7,DEF,Move,878.19,788.3
6,658,Player_2,ATK,Move,540.36,600.07
6,658,Player_10,DEF,Kill,151.81,229.78
6,658,Player_10,DEF,Death,491.01,535.01
6,658,Player_3,ATK,Move,507.35,486.67
6,658,Player_1,ATK,Move,399.64,506.3
6,658,Player_7,DEF,Move,546.0,51.0
6,658,Player_4,ATK,Move,813.54,805.74
6,659,Player_6,DEF,Death,530.61,487.22
6,659,Player_3,ATK,Kill,743.23,771.13
6,659,Player_8,DEF,Utility,397.0,436.0
6,659,Player_8,DEF,Utility,562.78,595.93
6,659,Player_5,ATK,Move,378.0,492.99
6,660,Player_2,ATK,Utility,618.6,717.61
6,660,Player_2,ATK,Kill,855.78,801.93
6,660,Player_5,ATK,Death,212.32,160.9
6,660,Player_7,DEF,Utility,813.07,740.72
6,660,Player_5,ATK,Kill,808.34,839.65
6,661,Player_3,ATK,Death,739.92,818.49
6,661,Player_2,ATK,Move,459.54,491.47
6,661,Player_4,ATK,Utility,275.34,408.4
6,661,Player_5,ATK,Utility,740.36,822.65
6,661,Player_1,ATK,Move,254.44,204.01
6,661,Player_7,DEF,Utility,186.1,138.36
6,662,Player_8,DEF,Utility,435.3,474.54
6,662,Player_2,ATK,Move,185.0,572.0
6,662,Player_1,ATK,Kill,823.69,819.44
6,662,Player_3,ATK,Kill,194.39,255.07
6,663,Player_8,DEF,Death,843.26,776.4
6,663,Player_10,DEF,Death,514.67,547.28
6,663,Player_5,ATK,Utility,829.79,738.29
6,663,Player_8,DEF,Utility,180.28,324.56
6,663,Player_4,ATK,Kill,451.8,484.38
6,663,Player_5,ATK,Utility,333.76,349.25
6,663,Player_9,DEF,Move,261.0,457.0
6,663,Player_5,ATK,Utility,568.0,567.0
6,663,Player_5,ATK,Move,94.0,988.0
6,664,Player_6,DEF,Move,405.0,657.0
6,664,Player_4,ATK,Utility,882.91,867.86
6,664,Player_2,ATK,Move,118.0,438.0
6,665,Player_8,DEF,Move,183.38,212.06
6,665,Player_5,ATK,Move,717.41,609.43
6,665,Player_3,ATK,Kill,812.22,795.61
6,665,Player_10,DEF,Move,663.1,453.08
6,666,Player_6,DEF,Move,393.65,540.48
6,666,Player_4,ATK,Death,209.97,136.0
6,666,Player_6,DEF,Death,470.14,473.57
6,666,Player_7,DEF,Move,771.7,842.44
6,666,Player_7,DEF,Utility,461.35,495.1
6,666,Player_8,DEF,Move,162.04,205.63
6,666,Player_5,ATK,Move,397.68,370.8
6,666,Player_5,ATK,Death,217.43,160.92
6,666,Player_8,DEF,Kill,218.01,256.18
6,667,Player_1,ATK,Kill,149.58,150.79
6,667,Player_1,ATK,Move,145.0,30.0
6,667,Player_3,ATK,Move,947.0,797.0
6,667,Player_1,ATK,Utility,22.0,577.0
6,667,Player_10,DEF,Move,197.31,285.75
6,667,Player_1,ATK,Move,844.27,853.91
6,668,Player_1,ATK,Utility,512.72,631.54
6,668,Player_10,DEF,Utility,248.0,866.0
6,668,Player_4,ATK,Death,750.02,735.15
6,668,Player_5,ATK,Move,538.97,553.36
6,668,Player_3,ATK,Utility,816.0,490.0
6,668,Player_3,ATK,Death,136.07,149.46
6,669,Player_6,DEF,Death,512.6,523.13
6,669,Player_2,ATK,Utility,1000.0,779.55
6,669,Player_9,DEF,Kill,839.7,857.86
6,669,Player_10,DEF,Utility,530.0,667.43
6,670,Player_2,ATK,Kill,493.5,492.14
6,670,Player_3,ATK,Death,193.55,200.93
6,671,Player_2,ATK,Utility,584.51,484.81
6,671,Player_2,ATK,Kill,438.68,464.35
6,671,Player_7,DEF,Move,105.19,214.67
6,671,Player_3,ATK,Death,264.23,205.46
6,671,Player_1,ATK,Utility,468.48,588.37
6,671,Player_7,DEF,Move,351.61,234.04
6,671,Player_8,DEF,Utility,305.44,384.05
6,671,Player_5,ATK,Kill,196.17,182.0
6,672,Player_4,ATK,Move,512.81,524.72
6,672,Player_6,DEF,Move,753.82,673.26
6,672,Player_1,ATK,Kill,233.79,233.77
6,672,Player_4,ATK,Death,299.75,293.59
6,672,Player_1,ATK,Utility,720.83,636.85
6,673,Player_4,ATK,Kill,800.81,782.6
6,673,Player_10,DEF,Kill,236.48,174.13
6,673,Player_6,DEF,Utility,466.25,414.87
6,673,Player_9,DEF,Utility,740.49,631.33
6,673,Player_2,ATK,Death,145.8,255.04
6,673,Player_10,DEF,Death,494.6,493.13
6,673,Player_5,ATK,Utility,933.0,316.0
6,674,Player_5,ATK,Death,515.75,551.43
6,675,Player_3,ATK,Kill,564.04,519.14
6,675,Player_8,DEF,Utility,563.0,566.0
6,675,Player_6,DEF,Death,758.31,801.39
6,676,Player_7,DEF,Kill,514.95,570.42
6,676,Player_8,DEF,Death,490.61,584.22
6,676,Player_3,ATK,Death,224.51,128.79
6,677,Player_1,ATK,Death,116.61,193.71
6,677,Player_10,DEF,Death,457.45,608.0
6,677,Player_6,DEF,Kill,278.09,145.08
6,677,Player_3,ATK,Utility,277.12,199.28
6,677,Player_2,ATK,Move,555.99,517.73
6,678,Player_1,ATK,Kill,191.57,174.14
6,678,Player_9,DEF,Utility,772.91,770.59
6,678,Player_7,DEF,Move,606.62,626.12
6,678,Player_8,DEF,Kill,787.15,821.26
6,678,Player_3,ATK,Kill,212.6,206.41
6,678,Player_9,DEF,Utility,166.87,123.09
6,678,Player_9,DEF,Move,235.0,302.0
6,679,Player_9,DEF,Death,553.8,414.7
6,680,Player_5,ATK,Death,806.32,828.2
6,680,Player_7,DEF,Kill,741.07,758.47
6,680,Player_2,ATK,Kill,253.27,247.61
6,680,Player_4,ATK,Kill,133.82,225.87
6,680,Player_8,DEF,Death,764.33,872.85
6,680,Player_8,DEF,Kill,527.92,485.58
6,680,Player_6,DEF,Utility,426.08,407.51
6,680,Player_7,DEF,Utility,448.35,413.68
6,681,Player_1,ATK,Death,736.98,777.07
6,681,Player_5,ATK,Move,253.28,466.61
6,681,Player_8,DEF,Utility,724.76,676.41
6,681,Player_9,DEF,Death,164.25,229.24
6,682,Player_5,ATK,Kill,188.72,103.33
6,682,Player_9,DEF,Kill,485.62,640.07
6,682,Player_6,DEF,Death,184.37,219.51
6,682,Player_6,DEF,Kill,800.47,748.92
6,682,Player_1,ATK,Kill,154.89,244.24
6,683,Player_3,ATK,Utility,570.21,461.35
6,683,Player_6,DEF,Death,533.54,606.36
6,683,Player_8,DEF,Kill,167.42,181.52
6,683,Player_9,DEF,Kill,830.15,875.95
6,683,Player_1,ATK,Utility,863.0,506.0
6,683,Player_10,DEF,Kill,854.38,856.52
6,683,Player_1,ATK,Kill,834.75,832.22
6,684,Player_10,DEF,Kill,501.32,516.17
6,684,Player_2,ATK,Death,771.07,840.96
6,685,Player_6,DEF,Death,508.93,479.64
6,685,Player_4,ATK,Utility,110.81,245.94
6,685,Player_8,DEF,Kill,181.54,138.76
6,685,Player_5,ATK,Kill,787.7,743.07
6,686,Player_10,DEF,Utility,967.0,705.0
6,686,Player_8,DEF,Kill,536.96,488.18
6,686,Player_1,ATK,Death,501.02,493.74
6,686,Player_3,ATK,Move,303.0,285.0
6,686,Player_9,DEF,Kill,212.94,210.71
6,686,Player_9,DEF,Utility,302.68,284.45
6,686,Player_8,DEF,Move,258.15,304.38
6,686,Player_7,DEF,Utility,667.09,771.96
6,687,Player_9,DEF,Move,687.53,634.84
6,687,Player_2,ATK,Utility,702.0,50.0
6,687,Player_9,DEF,Utility,860.77,937.65
6,688,Player_3,ATK,Death,588.19,479.49
6,688,Player_5,ATK,Utility,159.24,130.87
6,688,Player_9,DEF,Death,549.26,377.7
6,689,Player_2,ATK,Death,892.0,683.88
6,689,Player_3,ATK,Kill,525.64,568.75
6,689,Player_3,ATK,Utility,188.36,237.9
6,689,Player_9,DEF,Utility,465.4,514.17
6,689,Player_4,ATK,Move,372.0,280.0
6,690,Player_2,ATK,Move,825.79,648.08
6,690,Player_8,DEF,Utility,657.83,428.86
6,690,Player_7,DEF,Kill,261.12,159.15
6,690,Player_2,ATK,Death,489.04,402.61
6,690,Player_6,DEF,Kill,227.82,188.4
6,690,Player_6,DEF,Move,826.0,51.0
6,690,Player_1,ATK,Move,902.0,370.0
6,691,Player_9,DEF,Move,505.0,209.0
6,691,Player_3,ATK,Kill,585.39,532.02
6,691,Player_8,DEF,Kill,177.91,166.58
6,691,Player_3,ATK,Move,478.13,626.29
6,692,Player_9,DEF,Utility,652.0,780.0
6,693,Player_10,DEF,Move,184.73,161.23
6,693,Player_8,DEF,Utility,677.0,716.86
6,693,Player_2,ATK,Kill,221.85,187.85
6,693,Player_5,ATK,Move,628.01,650.58
6,693,Player_2,ATK,Death,755.95,717.16
6,693,Player_9,DEF,Death,798.65,793.32
6,693,Player_6,DEF,Kill,274.69,155.36
6,693,Player_8,DEF,Utility,880.07,596.62
6,694,Player_7,DEF,Death,584.71,556.04
6,694,Player_8,DEF,Utility,333.06,395.45
6,694,Player_4,ATK,Death,110.76,251.09
6,695,Player_7,DEF,Utility,62.6,262.59
6,695,Player_4,ATK,Utility,259.79,358.02
6,695,Player_7,DEF,Utility,682.0,817.0
6,695,Player_1,ATK,Death,533.59,548.54
6,695,Player_6,DEF,Utility,430.1,507.18
6,695,Player_1,ATK,Kill,521.29,393.45
6,695,Player_3,ATK,Death,465.57,454.89
6,695,Player_1,ATK,Move,146.97,149.86
6,696,Player_3,ATK,Utility,860.0,570.0
6,696,Player_1,ATK,Utility,708.56,811.94
6,696,Player_4,ATK,Move,511.18,656.36
6,696,Player_2,ATK,Death,244.59,225.81
6,696,Player_10,DEF,Death,789.6,797.96
6,696,Player_9,DEF,Death,769.63,801.98
6,697,Player_6,DEF,Death,208.15,176.99
6,697,Player_3,ATK,Death,528.17,415.12
6,697,Player_8,DEF,Utility,35.0,292.0
6,698,Player_8,DEF,Kill,846.65,731.67
6,698,Player_1,ATK,Kill,477.02,504.74
6,698,Player_7,DEF,Kill,248.85,204.3
6,698,Player_1,ATK,Utility,821.73,858.48
6,698,Player_4,ATK,Kill,794.96,673.42
6,698,Player_10,DEF,Death,144.01,157.74
6,699,Player_4,ATK,Utility,671.0,874.0
6,699,Player_6,DEF,Death,722.82,795.37
7,700,Player_6,DEF,Move,581.53,535.67
7,700,Player_7,DEF,Kill,763.61,709.49
7,700,Player_8,DEF,Utility,596.46,340.62
7,700,Player_4,ATK,Death,431.6,525.85
7,700,Player_1,ATK,Move,207.0,299.0
7,701,Player_4,ATK,Move,979.0,545.0
7,701,Player_9,DEF,Move,760.8,506.97
7,701,Player_6,DEF,Death,858.2,734.29
7,701,Player_9,DEF,Kill,529.18,462.06
7,701,Player_7,DEF,Utility,274.0,270.0
7,702,Player_4,ATK,Move,557.26,528.8
7,702,Player_8,DEF,Kill,802.59,809.97
7,702,Player_5,ATK,Utility,975.0,469.0
7,702,Player_1,ATK,Death,488.98,497.44
7,703,Player_1,ATK,Kill,846.74,793.31
7,703,Player_8,DEF,Utility,936.0,770.0
7,703,Player_8,DEF,Death,495.77,513.28
7,703,Player_3,ATK,Utility,650.88,654.14
7,703,Player_10,DEF,Utility,161.56,220.61
7,703,Player_1,ATK,Utility,667.74,818.8
7,704,Player_1,ATK,Kill,896.9,857.71
7,704,Player_1,ATK,Utility,215.0,921.0
7,704,Player_10,DEF,Utility,763.8,820.67
7,704,Player_5,ATK,Move,723.62,568.82
7,704,Player_4,ATK,Kill,517.52,481.67
7,704,Player_9,DEF,Death,872.5,847.62
7,704,Player_7,DEF,Kill,530.0,485.94
7,705,Player_9,DEF,Kill,172.2,162.03
7,705,Player_7,DEF,Utility,764.18,764.86
7,705,Player_3,ATK,Kill,203.5,163.43
7,706,Player_3,ATK,Utility,127.42,161.99
7,706,Player_9,DEF,Move,693.86,842.02
7,706,Player_1,ATK,Move,783.79,778.23
7,706,Player_5,ATK,Utility,425.71,487.29
7,707,Player_1,ATK,Move,110.12,135.92
7,707,Player_8,DEF,Move,416.0,393.0
7,707,Player_2,ATK,Move,502.43,475.69
7,707,Player_6,DEF,Death,139.37,232.15
7,708,Player_10,DEF,Utility,86.0,479.0
7,708,Player_7,DEF,Kill,781.1,812.28
7,708,Player_1,ATK,Utility,629.59,586.29
7,708,Player_4,ATK,Move,459.2,461.44
7,708,Player_6,DEF,Death,796.72,764.76
7,709,Player_1,ATK,Kill,162.3,191.38
7,709,Player_10,DEF,Utility,563.0,874.0
7,709,Player_5,ATK,Death,910.32,848.25
7,709,Player_5,ATK,Death,885.41,735.28
7,710,Player_1,ATK,Move,235.0,528.0
7,710,Player_10,DEF,Death,768.93,668.5
7,710,Player_4,ATK,Move,303.46,499.75
7,711,Player_4,ATK,Kill,735.18,793.16
7,711,Player_4,ATK,Death,210.21,231.27
7,711,Player_3,ATK,Kill,490.27,474.15
7,712,Player_4,ATK,Death,205.23,196.32
7,712,Player_9,DEF,Death,209.66,257.75
7,712,Player_3,ATK,Move,820.6,775.52
7,713,Player_6,DEF,Utility,789.07,640.45
7,713,Player_7,DEF,Kill,182.34,240.77
7,713,Player_3,ATK,Utility,378.46,275.38
7,713,Player_10,DEF,Death,172.34,202.77
7,713,Player_9,DEF,Death,524.76,498.44
7,713,Player_4,ATK,Kill,275.43,276.77
7,713,Player_8,DEF,Death,275.48,171.72
7,714,Player_7,DEF,Move,201.77,280.62
7,714,Player_3,ATK,Utility,158.53,208.59
7,714,Player_10,DEF,Kill,208.57,219.04
7,714,Player_4,ATK,Utility,444.04,556.53
7,715,Player_6,DEF,Utility,17.0,914.0
7,715,Player_5,ATK,Utility,645.43,431.16
7,715,Player_1,ATK,Move,627.11,566.32
7,716,Player_4,ATK,Death,140.29,188.08
7,716,Player_4,ATK,Death,474.65,368.72
7,716,Player_5,ATK,Utility,603.65,606.48
7,717,Player_1,ATK,Move,165.26,248.59
7,717,Player_8,DEF,Move,705.0,290.0
7,717,Player_10,DEF,Death,315.3,155.9
7,717,Player_5,ATK,Utility,198.91,162.67
7,717,Player_8,DEF,Move,323.77,135.75
7,717,Player_9,DEF,Move,635.22,436.08
7,717,Player_7,DEF,Utility,357.0,476.61
7,718,Player_7,DEF,Utility,682.62,501.0
7,718,Player_10,DEF,Utility,494.09,488.72
7,718,Player_10,DEF,Utility,749.0,74.0
7,718,Player_1,ATK,Utility,78.0,231.0
7,718,Player_10,DEF,Kill,532.76,448.69
7,719,Player_9,DEF,Utility,885.0,485.0
7,719,Player_2,ATK,Move,735.75,587.69
7,719,Player_3,ATK,Kill,91.12,207.71
7,719,Player_5,ATK,Move,460.44,556.35
7,719,Player_5,ATK,Utility,823.0,665.0
7,719,Player_10,DEF,Death,723.73,799.11
7,719,Player_8,DEF,Move,419.52,450.69
7,720,Player_2,ATK,Move,616.93,548.52
7,721,Player_7,DEF,Kill,507.97,431.97
7,721,Player_5,ATK,Move,75.13,149.55
7,721,Player_10,DEF,Utility,680.11,641.52
7,721,Player_7,DEF,Move,563.27,483.1
7,721,Player_2,ATK,Death,231.75,208.64
7,721,Player_3,ATK,Kill,558.07,473.5
7,722,Player_6,DEF,Utility,556.61,448.75
7,722,Player_4,ATK,Kill,81.76,101.09
7,722,Player_4,ATK,Utility,422.88,566.81
7,722,Player_10,DEF,Death,167.46,177.17
7,723,Player_7,DEF,Kill,205.23,166.44
7,723,Player_6,DEF,Utility,655.0,774.0
7,723,Player_8,DEF,Utility,222.0,216.0
7,723,Player_1,ATK,Kill,790.14,807.71
7,724,Player_6,DEF,Death,164.48,218.21
7,724,Player_7,DEF,Utility,642.75,542.34
7,724,Player_4,ATK,Utility,607.29,535.3
7,724,Player_4,ATK,Move,844.99,709.76
7,724,Player_2,ATK,Kill,555.76,499.06
7,724,Player_1,ATK,Kill,137.24,223.96
7,724,Player_1,ATK,Utility,794.32,487.51
7,725,Player_8,DEF,Kill,725.5,889.16
7,725,Player_1,ATK,Death,465.5,488.92
7,725,Player_2,ATK,Move,634.32,582.74
7,725,Player_5,ATK,Utility,680.03,482.3
7,725,Player_9,DEF,Utility,723.0,385.0
7,726,Player_1,ATK,Utility,108.39,224.94
7,726,Player_8,DEF,Kill,199.52,124.04
7,726,Player_3,ATK,Kill,805.81,793.05
7,726,Player_7,DEF,Utility,766.38,680.88
7,726,Player_4,ATK,Death,550.84,497.89
7,726,Player_10,DEF,Move,364.18,394.94
7,726,Player_6,DEF,Utility,781.08,948.69
7,727,Player_5,ATK,Death,148.38,212.34
7,728,Player_9,DEF,Move,513.25,532.45
7,728,Player_3,ATK,Death,745.42,864.66
7,728,Player_8,DEF,Move,691.0,167.0
7,728,Player_10,DEF,Utility,598.72,460.22
7,728,Player_4,ATK,Kill,261.49,181.3
7,728,Player_7,DEF,Kill,518.2,461.66
7,728,Player_9,DEF,Kill,167.38,196.97
7,729,Player_10,DEF,Utility,247.0,76.0
7,729,Player_5,ATK,Death,152.03,226.23
7,729,Player_7,DEF,Move,656.06,546.83
7,729,Player_3,ATK,Utility,378.0,346.0
7,730,Player_1,ATK,Kill,882.7,797.05
7,730,Player_5,ATK,Kill,222.77,228.84
7,730,Player_8,DEF,Move,552.0,352.0
7,730,Player_5,ATK,Move,241.0,425.0
7,730,Player_7,DEF,Death,748.66,895.71
7,731,Player_9,DEF,Kill,225.67,213.97
7,731,Player_2,ATK,Death,878.9,777.21
7,731,Player_1,ATK,Kill,549.7,501.06
7,731,Player_2,ATK,Death,496.38,601.61
7,731,Player_4,ATK,Utility,288.0,129.28
7,731,Player_2,ATK,Death,534.99,459.46
7,732,Player_3,ATK,Death,960.54,803.94
7,732,Player_4,ATK,Kill,535.92,535.56
7,732,Player_7,DEF,Utility,303.82,464.57
7,732,Player_8,DEF,Death,115.45,245.87
7,732,Player_2,ATK,Kill,796.64,881.32
7,732,Player_6,DEF,Move,343.97,200.31
7,732,Player_5,ATK,Utility,362.24,484.35
7,733,Player_3,ATK,Death,757.61,755.86
7,733,Player_9,DEF,Death,199.86,261.6
7,734,Player_9,DEF,Kill,204.65,207.74
7,734,Player_9,DEF,Kill,884.26,884.03
7,734,Player_1,ATK,Utility,849.0,829.0
7,734,Player_8,DEF,Death,824.97,762.36
7,734,Player_4,ATK,Move,596.92,804.65
7,734,Player_9,DEF,Move,888.0,925.0
7,735,Player_5,ATK,Kill,908.61,841.83
7,735,Player_1,ATK,Utility,229.1,300.41
7,735,Player_2,ATK,Death,156.5,163.15
7,735,Player_6,DEF,Kill,450.47,489.47
7,735,Player_3,ATK,Death,447.44,480.95
7,735,Player_2,ATK,Utility,314.96,240.89
7,736,Player_7,DEF,Kill,248.56,121.31
7,736,Player_9,DEF,Kill,549.63,484.68
7,736,Player_7,DEF,Death,471.88,503.97
7,736,Player_10,DEF,Utility,202.45,236.5
7,737,Player_4,ATK,Death,470.87,591.65
7,737,Player_8,DEF,Move,917.0,750.0
7,738,Player_7,DEF,Death,539.45,571.57
7,738,Player_3,ATK,Utility,895.73,746.29
7,738,Player_1,ATK,Kill,103.88,157.0
7,739,Player_10,DEF,Kill,772.68,881.3
7,740,Player_10,DEF,Move,162.0,463.0
7,740,Player_10,DEF,Death,141.64,284.15
7,740,Player_8,DEF,Utility,474.2,218.87
7,740,Player_9,DEF,Utility,805.12,827.66
7,740,Player_3,ATK,Death,232.36,208.32
7,741,Player_4,ATK,Death,502.85,517.68
7,741,Player_1,ATK,Kill,799.05,749.75
7,741,Player_3,ATK,Kill,518.93,473.35
7,741,Player_9,DEF,Utility,842.84,815.86
7,742,Player_1,ATK,Kill,798.9,763.78
7,742,Player_8,DEF,Kill,576.88,481.94
7,743,Player_2,ATK,Kill,162.91,230.77
7,743,Player_1,ATK,Death,831.19,894.54
7,743,Player_3,ATK,Death,231.07,113.11
7,743,Player_2,ATK,Move,702.51,496.59
7,743,Player_1,ATK,Kill,215.42,88.9
7,743,Player_1,ATK,Move,374.0,212.0
7,743,Player_6,DEF,Death,764.97,812.92
7,743,Player_1,ATK,Utility,438.0,308.0
7,744,Player_9,DEF,Kill,243.83,187.7
7,745,Player_3,ATK,Death,837.96,737.39
7,745,Player_5,ATK,Death,213.32,251.28
7,745,Player_1,ATK,Move,989.0,448.0
7,745,Player_10,DEF,Move,613.27,603.19
7,745,Player_1,ATK,Kill,787.17,803.61
7,745,Player_2,ATK,Death,440.94,455.55
7,746,Player_8,DEF,Move,870.87,694.01
7,746,Player_4,ATK,Utility,516.0,264.0
7,746,Player_5,ATK,Move,499.88,340.83
7,746,Player_7,DEF,Death,774.13,788.69
7,747,Player_5,ATK,Utility,904.47,803.57
7,747,Player_5,ATK,Move,323.3,266.42
7,747,Player_6,DEF,Utility,647.82,669.62
7,747,Player_2,ATK,Move,562.73,681.45
7,747,Player_6,DEF,Move,234.14,72.45
7,747,Player_3,ATK,Move,985.0,758.0
7,747,Player_9,DEF,Death,520.17,351.8
7,747,Player_6,DEF,Utility,504.71,408.81
7,747,Player_9,DEF,Move,554.07,512.64
7,747,Player_7,DEF,Kill,466.41,515.96
7,748,Player_7,DEF,Death,516.9,492.81
7,748,Player_10,DEF,Kill,721.59,808.74
7,748,Player_7,DEF,Move,496.81,474.71
7,748,Player_1,ATK,Death,180.26,223.19
7,748,Player_5,ATK,Move,109.0,973.0
7,748,Player_2,ATK,Utility,124.0,784.0
7,749,Player_6,DEF,Utility,698.34,589.56
7,749,Player_2,ATK,Death,569.77,503.17
7,749,Player_5,ATK,Kill,835.89,848.57
7,749,Player_3,ATK,Kill,181.86,121.13
7,749,Player_3,ATK,Death,813.27,859.78
7,750,Player_5,ATK,Utility,853.0,623.0
7,750,Player_2,ATK,Kill,139.09,162.66
7,750,Player_3,ATK,Utility,746.29,715.36
7,750,Player_4,ATK,Death,124.19,232.18
7,750,Player_8,DEF,Death,706.9,808.99
7,750,Player_4,ATK,Kill,742.84,800.15
7,750,Player_1,ATK,Utility,154.0,945.0
7,751,Player_1,ATK,Utility,352.15,338.0
7,751,Player_7,DEF,Utility,431.62,477.73
7,751,Player_4,ATK,Move,509.32,461.05
7,751,Player_5,ATK,Death,490.78,468.29
7,751,Player_8,DEF,Kill,195.16,168.46
7,751,Player_4,ATK,Kill,193.39,114.78
7,752,Player_6,DEF,Kill,597.59,510.7
7,752,Player_1,ATK,Kill,758.12,717.42
7,752,Player_3,ATK,Utility,602.73,580.46
7,753,Player_8,DEF,Utility,190.59,223.34
7,753,Player_10,DEF,Move,410.62,499.83
7,754,Player_8,DEF,Utility,433.0,793.0
7,754,Player_2,ATK,Move,138.0,414.0
7,754,Player_2,ATK,Kill,145.11,169.15
7,754,Player_5,ATK,Kill,189.24,211.28
7,754,Player_2,ATK,Kill,168.54,211.75
7,755,Player_4,ATK,Utility,578.72,506.3
7,755,Player_2,ATK,Death,510.76,446.28
7,755,Player_3,ATK,Utility,4.16,265.35
7,755,Player_7,DEF,Kill,792.31,760.38
7,755,Player_10,DEF,Kill,256.6,171.65
7,755,Player_5,ATK,Move,796.73,772.84
7,755,Player_6,DEF,Death,512.65,571.97
7,755,Player_4,ATK,Move,140.06,270.2
7,756,Player_9,DEF,Move,760.87,770.6
7,756,Player_4,ATK,Utility,811.56,815.43
7,756,Player_9,DEF,Death,818.09,810.96
7,756,Player_1,ATK,Move,49.0,463.0
7,756,Player_10,DEF,Kill,559.27,468.54
7,757,Player_4,ATK,Kill,243.06,208.89
7,758,Player_1,ATK,Move,191.38,0.0
7,758,Player_3,ATK,Kill,815.66,777.62
7,758,Player_3,ATK,Utility,303.86,380.54
7,758,Player_10,DEF,Utility,321.0,430.0
7,758,Player_10,DEF,Kill,288.94,181.17
7,759,Player_5,ATK,Utility,492.87,537.86
7,759,Player_5,ATK,Utility,797.93,801.96
7,759,Player_8,DEF,Utility,868.0,896.0
7,759,Player_2,ATK,Utility,697.0,332.0
7,759,Player_9,DEF,Death,441.56,485.05
7,760,Player_6,DEF,Kill,830.33,790.73
7,760,Player_10,DEF,Death,459.32,481.49
7,760,Player_3,ATK,Utility,783.79,752.59
7,760,Player_4,ATK,Utility,575.35,458.71
7,760,Player_8,DEF,Kill,418.87,520.59
7,761,Player_9,DEF,Death,832.5,835.17
7,761,Player_5,ATK,Kill,782.69,632.45
7,761,Player_6,DEF,Move,650.39,570.7
7,761,Player_3,ATK,Death,187.04,269.37
7,761,Player_8,DEF,Death,257.23,171.75
7,762,Player_5,ATK,Utility,273.97,395.96
7,762,Player_6,DEF,Move,584.0,59.0
7,762,Player_6,DEF,Move,252.2,277.95
7,762,Player_6,DEF,Move,297.24,215.92
7,762,Player_2,ATK,Kill,566.23,568.17
7,762,Player_10,DEF,Death,255.6,205.14
7,762,Player_6,DEF,Kill,708.76,805.9
7,762,Player_3,ATK,Kill,478.7,541.97
7,762,Player_5,ATK,Death,783.65,781.93
7,762,Player_4,ATK,Kill,164.89,175.88
7,762,Player_7,DEF,Move,745.28,655.03
7,763,Player_8,DEF,Death,762.54,809.82
7,763,Player_9,DEF,Move,700.5,642.53
7,763,Player_10,DEF,Kill,266.96,154.65
7,763,Player_2,ATK,Kill,241.98,191.0
7,763,Player_8,DEF,Kill,427.02,497.44
7,763,Player_2,ATK,Move,950.0,565.0
7,764,Player_6,DEF,Move,979.0,24.0
7,764,Player_2,ATK,Move,433.88,390.4
7,765,Player_7,DEF,Move,731.63,781.25
7,765,Player_9,DEF,Kill,499.54,451.26
7,766,Player_5,ATK,Death,160.67,198.49
7,766,Player_2,ATK,Move,297.77,331.33
7,766,Player_2,ATK,Utility,780.71,652.84
7,766,Player_3,ATK,Death,803.35,841.19
7,766,Player_1,ATK,Move,472.35,492.39
7,766,Player_4,ATK,Utility,581.0,299.0
7,766,Player_1,ATK,Move,533.0,556.0
7,767,Player_8,DEF,Utility,492.18,384.62
7,767,Player_2,ATK,Kill,704.41,815.43
7,767,Player_7,DEF,Utility,353.0,312.0
7,767,Player_9,DEF,Utility,423.79,407.59
7,768,Player_4,ATK,Utility,118.94,93.97
7,768,Player_4,ATK,Kill,461.35,476.67
7,768,Player_9,DEF,Death,455.84,468.13
7,768,Player_10,DEF,Utility,698.0,581.07
7,768,Player_1,ATK,Move,566.63,681.16
7,768,Player_8,DEF,Death,790.48,677.52
7,769,Player_9,DEF,Death,203.73,206.0
7,769,Player_6,DEF,Move,754.28,865.15
7,769,Player_1,ATK,Death,498.68,445.95
7,769,Player_9,DEF,Death,504.07,535.27
7,769,Player_9,DEF,Kill,487.69,519.07
7,770,Player_5,ATK,Utility,318.81,351.73
7,770,Player_8,DEF,Death,243.12,150.29
7,770,Player_2,ATK,Move,216.58,252.33
7,770,Player_8,DEF,Utility,892.91,859.3
7,771,Player_5,ATK,Kill,508.43,443.77
7,771,Player_6,DEF,Move,607.59,470.42
7,771,Player_3,ATK,Utility,480.55,525.81
7,771,Player_10,DEF,Death,465.59,444.96
7,771,Player_3,ATK,Move,506.0,730.0
7,771,Player_4,ATK,Death,167.0,286.49
7,772,Player_10,DEF,Utility,287.38,323.67
7,772,Player_10,DEF,Move,157.0,832.0
7,772,Player_8,DEF,Kill,232.27,179.98
7,772,Player_5,ATK,Kill,178.5,224.68
7,772,Player_6,DEF,Utility,734.21,804.73
7,772,Player_9,DEF,Kill,754.9,854.07
7,773,Player_9,DEF,Kill,768.65,754.76
7,773,Player_10,DEF,Kill,154.88,233.82
7,773,Player_1,ATK,Kill,475.71,526.92
7,773,Player_1,ATK,Death,492.48,593.82
7,774,Player_10,DEF,Utility,992.0,301.0
7,774,Player_5,ATK,Death,432.32,516.04
7,774,Player_6,DEF,Kill,560.75,495.03
7,774,Player_10,DEF,Utility,556.61,567.75
7,774,Player_9,DEF,Kill,292.31,312.74
7,774,Player_7,DEF,Utility,74.44,220.74
7,774,Player_8,DEF,Death,770.42,808.68
7,774,Player_8,DEF,Utility,496.35,562.63
7,775,Player_3,ATK,Kill,173.83,286.46
7,775,Player_10,DEF,Death,704.24,823.01
7,776,Player_1,ATK,Move,192.15,309.2
7,776,Player_5,ATK,Utility,538.94,383.44
7,776,Player_8,DEF,Kill,528.48,470.62
7,776,Player_7,DEF,Death,143.06,207.13
7,776,Player_4,ATK,Kill,243.67,207.1
7,777,Player_10,DEF,Move,335.22,536.99
7,777,Player_3,ATK,Death,483.26,483.83
7,777,Player_2,ATK,Move,639.44,526.08
7,777,Player_4,ATK,Death,190.56,221.78
7,777,Player_4,ATK,Kill,861.93,804.22
7,778,Player_10,DEF,Kill,189.3,209.69
7,778,Player_9,DEF,Kill,824.65,836.28
7,778,Player_1,ATK,Kill,561.11,474.89
7,778,Player_8,DEF,Move,471.97,316.82
7,778,Player_1,ATK,Move,764.34,670.83
7,778,Player_1,ATK,Death,477.29,459.78
7,778,Player_6,DEF,Utility,867.94,776.1
7,779,Player_9,DEF,Utility,526.01,540.65
7,779,Player_4,ATK,Death,519.1,487.29
7,779,Player_1,ATK,Move,157.49,125.95
7,779,Player_5,ATK,Kill,224.64,165.43
7,779,Player_4,ATK,Death,248.4,185.37
7,780,Player_1,ATK,Kill,497.69,518.03
7,780,Player_6,DEF,Utility,242.85,335.58
7,780,Player_1,ATK,Kill,497.11,503.14
7,780,Player_1,ATK,Move,622.71,610.96
7,780,Player_9,DEF,Kill,793.95,869.02
7,781,Player_8,DEF,Death,523.41,464.9
7,781,Player_1,ATK,Death,454.32,457.19
7,781,Player_10,DEF,Utility,267.0,446.0
7,781,Player_4,ATK,Utility,827.0,551.0
7,781,Player_6,DEF,Kill,217.15,164.76
7,781,Player_9,DEF,Utility,29.0,620.0
7,782,Player_7,DEF,Utility,508.0,961.0
7,782,Player_5,ATK,Kill,777.66,806.18
7,782,Player_3,ATK,Kill,771.42,798.9
7,782,Player_6,DEF,Utility,442.46,412.55
7,783,Player_5,ATK,Move,178.18,222.8
7,783,Player_5,ATK,Utility,111.0,400.0
7,783,Player_3,ATK,Utility,861.71,884.67
7,783,Player_9,DEF,Move,232.3,228.81
7,783,Player_8,DEF,Death,154.81,120.52
7,783,Player_3,ATK,Kill,226.66,211.49
7,783,Player_4,ATK,Move,794.0,373.0
7,784,Player_5,ATK,Utility,264.88,121.9
7,785,Player_10,DEF,Move,334.21,228.65
7,785,Player_1,ATK,Death,214.27,114.33
7,785,Player_8,DEF,Move,483.55,395.79
7,785,Player_4,ATK,Utility,799.06,614.78
7,785,Player_6,DEF,Kill,565.49,516.48
7,785,Player_6,DEF,Kill,500.87,522.21
7,785,Player_1,ATK,Move,554.86,678.85
7,786,Player_4,ATK,Utility,319.48,354.66
7,786,Player_10,DEF,Move,50.0,412.0
7,786,Player_10,DEF,Move,559.0,535.0
7,786,Player_7,DEF,Utility,373.54,473.12
7,787,Player_9,DEF,Move,341.2,296.99
7,787,Player_5,ATK,Kill,498.45,458.77
7,787,Player_7,DEF,Utility,752.0,162.0
7,787,Player_1,ATK,Utility,597.0,123.0
7,787,Player_10,DEF,Death,431.01,424.18
7,787,Player_7,DEF,Death,772.35,856.25
7,787,Player_2,ATK,Kill,269.18,105.86
7,787,Player_2,ATK,Utility,399.24,317.72
7,788,Player_2,ATK,Move,350.72,572.35
7,788,Player_1,ATK,Death,522.96,456.41
7,788,Player_4,ATK,Utility,138.93,260.03
7,788,Player_5,ATK,Utility,426.6,528.05
7,788,Player_2,ATK,Utility,779.64,918.29
7,788,Player_2,ATK,Kill,487.81,549.63
7,788,Player_10,DEF,Move,780.19,825.62
7,789,Player_6,DEF,Kill,189.95,116.06
7,789,Player_7,DEF,Move,117.0,48.0
7,789,Player_5,ATK,Utility,904.0,192.0
7,789,Player_1,ATK,Utility,456.31,401.44
7,789,Player_1,ATK,Move,827.56,814.88
7,789,Player_7,DEF,Utility,723.39,800.35
7,789,Player_6,DEF,Utility,897.23,873.6
7,789,Player_9,DEF,Kill,187.51,160.66
7,789,Player_10,DEF,Utility,799.14,757.44
7,789,Player_8,DEF,Kill,156.85,290.62
7,789,Player_3,ATK,Move,718.0,456.0
7,789,Player_3,ATK,Move,99.48,45.91
7,790,Player_4,ATK,Kill,444.29,526.04
7,790,Player_9,DEF,Utility,833.96,731.64
7,790,Player_1,ATK,Kill,214.81,232.47
7,790,Player_8,DEF,Utility,506.29,508.17
7,791,Player_10,DEF,Death,218.86,291.05
7,791,Player_10,DEF,Utility,654.0,921.0
7,791,Player_9,DEF,Move,714.0,683.0
7,791,Player_9,DEF,Death,419.32,483.93
7,791,Player_1,ATK,Kill,431.94,453.66
7,791,Player_6,DEF,Move,706.11,644.84
7,791,Player_2,ATK,Death,476.64,436.66
7,792,Player_4,ATK,Kill,705.91,797.84
7,792,Player_3,ATK,Kill,216.14,213.24
7,792,Player_6,DEF,Move,106.0,485.0
7,792,Player_4,ATK,Utility,830.12,799.28
7,792,Player_9,DEF,Utility,377.69,348.73
7,793,Player_4,ATK,Kill,806.45,847.43
7,793,Player_1,ATK,Move,332.39,334.01
7,793,Player_4,ATK,Death,204.67,224.11
7,793,Player_5,ATK,Utility,613.8,561.0
7,793,Player_6,DEF,Move,747.05,602.65
7,793,Player_8,DEF,Death,802.5,789.88
7,793,Player_5,ATK,Utility,671.45,701.51
7,793,Player_7,DEF,Utility,296.87,211.48
7,794,Player_1,ATK,Utility,305.0,87.0
7,794,Player_10,DEF,Utility,491.12,520.48
7,794,Player_2,ATK,Kill,499.49,551.37
7,794,Player_1,ATK,Move,210.0,73.0
7,794,Player_1,ATK,Death,468.88,589.18
7,795,Player_6,DEF,Move,463.06,562.28
7,795,Player_3,ATK,Move,872.85,853.65
7,795,Player_2,ATK,Kill,847.5,857.82
7,795,Player_5,ATK,Death,468.9,486.67
7,796,Player_8,DEF,Move,401.45,494.03
7,796,Player_5,ATK,Kill,750.92,741.63
7,796,Player_8,DEF,Move,688.41,662.65
7,796,Player_8,DEF,Death,160.91,247.99
7,796,Player_1,ATK,Utility,729.36,707.28
7,797,Player_8,DEF,Death,168.27,180.85
7,797,Player_7,DEF,Utility,536.68,342.21
7,797,Player_6,DEF,Utility,600.73,660.52
7,797,Player_7,DEF,Utility,505.57,668.05
7,797,Player_5,ATK,Move,682.66,641.96
7,797,Player_8,DEF,Death,191.28,183.26
7,797,Player_5,ATK,Move,320.54,348.21
7,797,Player_1,ATK,Utility,712.0,415.0
7,797,Player_7,DEF,Utility,160.3,198.46
7,798,Player_6,DEF,Utility,771.67,791.11
7,798,Player_3,ATK,Utility,107.4,238.72
7,798,Player_8,DEF,Death,791.89,883.69
7,798,Player_9,DEF,Death,415.58,435.38
7,798,Player_1,ATK,Death,819.85,792.79
7,798,Player_2,ATK,Kill,754.6,829.06
7,798,Player_2,ATK,Kill,865.72,740.84
7,799,Player_7,DEF,Move,825.1,793.4
7,799,Player_10,DEF,Kill,869.6,800.39
8,800,Player_3,ATK,Move,323.31,235.0
8,800,Player_5,ATK,Kill,186.75,143.23
8,800,Player_10,DEF,Kill,145.0,103.49
8,800,Player_1,ATK,Move,147.0,115.0
8,800,Player_3,ATK,Kill,241.09,243.78
8,801,Player_5,ATK,Utility,569.74,712.04
8,801,Player_5,ATK,Kill,768.16,666.41
8,801,Player_1,ATK,Death,770.88,811.88
8,801,Player_10,DEF,Kill,790.95,753.66
8,802,Player_3,ATK,Death,776.28,733.04
8,802,Player_9,DEF,Kill,133.18,226.7
8,802,Player_4,ATK,Death,806.59,849.37
8,802,Player_7,DEF,Move,233.94,467.08
8,802,Player_5,ATK,Death,177.46,239.79
8,802,Player_8,DEF,Move,721.27,719.47
8,803,Player_10,DEF,Kill,795.59,861.97
8,803,Player_1,ATK,Kill,787.01,751.7
8,803,Player_2,ATK,Utility,878.9,902.86
8,803,Player_10,DEF,Utility,191.94,262.46
8,803,Player_10,DEF,Utility,291.0,864.0
8,803,Player_5,ATK,Death,769.89,749.8
8,803,Player_5,ATK,Kill,203.87,193.45
8,804,Player_9,DEF,Utility,308.01,390.4
8,804,Player_5,ATK,Move,774.0,116.0
8,804,Player_2,ATK,Move,152.63,232.74
8,804,Player_6,DEF,Utility,63.0,420.0
8,804,Player_2,ATK,Utility,843.13,894.16
8,804,Player_3,ATK,Kill,129.43,183.87
8,805,Player_7,DEF,Move,372.0,798.0
8,805,Player_4,ATK,Kill,766.91,757.28
8,805,Player_5,ATK,Kill,172.86,110.61
8,805,Player_10,DEF,Kill,804.07,803.65
8,805,Player_3,ATK,Move,813.51,776.71
8,805,Player_10,DEF,Kill,151.98,74.29
8,805,Player_4,ATK,Death,500.76,406.18
8,806,Player_10,DEF,Kill,750.47,784.24
8,806,Player_5,ATK,Move,660.0,234.0
8,806,Player_1,ATK,Kill,722.52,729.81
8,806,Player_10,DEF,Kill,497.43,544.51
8,807,Player_1,ATK,Death,210.62,170.27
8,807,Player_7,DEF,Utility,677.0,527.0
8,807,Player_3,ATK,Kill,215.34,139.4
8,807,Player_10,DEF,Move,646.75,664.52
8,807,Player_3,ATK,Move,444.64,447.39
8,807,Player_7,DEF,Utility,637.57,552.08
8,807,Player_7,DEF,Move,301.0,358.0
8,808,Player_6,DEF,Utility,510.0,82.0
8,808,Player_7,DEF,Utility,902.0,857.0
8,808,Player_2,ATK,Utility,474.15,419.66
8,808,Player_10,DEF,Move,750.86,758.12
8,808,Player_1,ATK,Kill,234.49,170.88
8,808,Player_8,DEF,Death,268.68,184.8
8,809,Player_8,DEF,Utility,778.72,558.38
8,809,Player_2,ATK,Death,816.43,786.57
8,809,Player_2,ATK,Kill,255.47,175.59
8,809,Player_3,ATK,Death,174.2,184.81
8,810,Player_9,DEF,Move,776.0,234.0
8,810,Player_10,DEF,Death,785.68,873.91
8,810,Player_2,ATK,Utility,369.27,390.98
8,810,Player_9,DEF,Death,567.08,592.99
8,810,Player_5,ATK,Kill,857.53,809.5
8,810,Player_7,DEF,Kill,581.7,431.37
8,810,Player_5,ATK,Move,710.2,799.04
8,810,Player_4,ATK,Kill,100.21,269.84
8,810,Player_4,ATK,Kill,716.81,756.59
8,810,Player_1,ATK,Death,509.86,464.29
8,810,Player_5,ATK,Move,563.48,618.65
8,811,Player_6,DEF,Kill,521.55,369.72
8,811,Player_8,DEF,Utility,164.51,105.52
8,811,Player_2,ATK,Death,803.83,763.08
8,811,Player_10,DEF,Utility,155.61,229.83
8,811,Player_8,DEF,Death,203.03,169.44
8,811,Player_6,DEF,Move,645.31,454.02
8,812,Player_6,DEF,Utility,809.61,956.38
8,812,Player_9,DEF,Kill,210.46,234.64
8,812,Player_10,DEF,Move,704.1,623.92
8,813,Player_1,ATK,Utility,338.36,411.33
8,813,Player_2,ATK,Move,474.72,366.79
8,813,Player_1,ATK,Kill,737.62,817.07
8,813,Player_7,DEF,Kill,123.25,257.24
8,813,Player_5,ATK,Move,214.7,173.98
8,813,Player_2,ATK,Move,320.85,437.5
8,813,Player_7,DEF,Utility,488.1,521.94
8,814,Player_3,ATK,Utility,389.55,520.08
8,814,Player_5,ATK,Kill,260.63,193.48
8,814,Player_8,DEF,Death,528.61,480.18
8,814,Player_7,DEF,Utility,481.54,389.06
8,815,Player_4,ATK,Move,193.0,810.0
8,815,Player_9,DEF,Move,673.0,925.0
8,815,Player_6,DEF,Death,231.66,190.64
8,815,Player_4,ATK,Kill,501.89,471.37
8,815,Player_1,ATK,Kill,790.0,797.63
8,815,Player_9,DEF,Death,146.3,228.59
8,815,Player_7,DEF,Move,395.3,438.99
8,815,Player_3,ATK,Move,90.06,275.61
8,815,Player_1,ATK,Kill,487.14,416.89
8,816,Player_5,ATK,Kill,246.73,235.24
8,816,Player_10,DEF,Utility,577.33,579.64
8,816,Player_8,DEF,Move,851.0,677.0
8,817,Player_6,DEF,Utility,297.0,688.0
8,817,Player_8,DEF,Move,944.0,82.0
8,817,Player_9,DEF,Death,787.79,808.12
8,817,Player_8,DEF,Utility,562.22,543.28
8,817,Player_9,DEF,Kill,493.12,521.9
8,818,Player_8,DEF,Kill,592.3,587.18
8,818,Player_3,ATK,Death,749.53,814.08
8,819,Player_5,ATK,Death,94.56,178.61
8,819,Player_8,DEF,Kill,713.4,850.35
8,819,Player_4,ATK,Move,491.7,503.02
8,819,Player_1,ATK,Death,173.01,198.12
8,819,Player_2,ATK,Utility,827.25,810.4
8,819,Player_5,ATK,Move,327.68,458.22
8,820,Player_9,DEF,Utility,159.0,191.0
8,820,Player_5,ATK,Death,810.34,735.62
8,820,Player_5,ATK,Utility,724.0,379.0
8,820,Player_2,ATK,Kill,207.34,185.45
8,821,Player_2,ATK,Death,523.24,537.67
8,821,Player_7,DEF,Utility,599.63,522.38
8,821,Player_3,ATK,Utility,802.32,755.89
8,821,Player_8,DEF,Move,727.82,608.26
8,821,Player_1,ATK,Death,798.49,817.12
8,821,Player_8,DEF,Death,804.11,821.16
8,821,Player_10,DEF,Move,542.55,614.64
8,821,Player_10,DEF,Move,877.12,761.71
8,821,Player_9,DEF,Move,395.82,467.0
8,821,Player_4,ATK,Move,316.42,520.25
8,822,Player_10,DEF,Move,794.8,899.04
8,822,Player_6,DEF,Utility,259.7,188.38
8,822,Player_4,ATK,Utility,604.07,679.63
8,822,Player_1,ATK,Utility,569.0,882.0
8,823,Player_2,ATK,Death,499.98,511.62
8,823,Player_2,ATK,Death,910.35,835.66
8,823,Player_5,ATK,Kill,772.68,839.07
8,823,Player_9,DEF,Utility,837.8,824.92
8,824,Player_10,DEF,Death,805.58,839.38
8,824,Player_8,DEF,Kill,233.24,262.07
8,824,Player_3,ATK,Kill,570.8,482.88
8,824,Player_6,DEF,Kill,228.73,250.05
8,825,Player_3,ATK,Move,847.99,881.86
8,825,Player_8,DEF,Utility,149.73,212.17
8,825,Player_8,DEF,Move,235.78,330.14
8,825,Player_5,ATK,Move,434.0,706.0
8,825,Player_5,ATK,Move,624.0,218.0
8,825,Player_4,ATK,Death,115.37,281.55
8,825,Player_7,DEF,Kill,517.74,514.09
8,826,Player_9,DEF,Utility,779.47,442.66
8,826,Player_9,DEF,Move,282.51,453.5
8,826,Player_8,DEF,Death,837.46,766.41
8,826,Player_5,ATK,Move,78.0,385.0
8,827,Player_9,DEF,Death,819.86,872.41
8,827,Player_10,DEF,Utility,948.0,800.0
8,828,Player_6,DEF,Death,471.11,473.23
8,828,Player_6,DEF,Utility,483.92,461.79
8,828,Player_2,ATK,Kill,204.34,219.48
8,828,Player_3,ATK,Kill,142.95,234.71
8,828,Player_9,DEF,Kill,157.66,110.84
8,829,Player_6,DEF,Kill,869.66,823.19
8,829,Player_9,DEF,Kill,217.66,122.14
8,829,Player_7,DEF,Utility,841.0,909.0
8,829,Player_6,DEF,Utility,445.15,411.22
8,829,Player_4,ATK,Kill,774.29,842.01
8,829,Player_10,DEF,Death,186.1,254.86
8,829,Player_7,DEF,Move,696.0,404.0
8,829,Player_3,ATK,Death,762.0,812.56
8,830,Player_1,ATK,Utility,820.0,249.0
8,830,Player_5,ATK,Death,479.31,503.37
8,830,Player_4,ATK,Move,796.0,607.0
8,830,Player_3,ATK,Utility,577.29,587.43
8,830,Player_10,DEF,Utility,889.0,438.0
8,830,Player_3,ATK,Death,819.67,714.88
8,830,Player_6,DEF,Move,713.0,226.0
8,830,Player_9,DEF,Death,156.1,296.31
8,830,Player_8,DEF,Utility,261.0,947.0
8,831,Player_8,DEF,Kill,816.17,810.71
8,831,Player_2,ATK,Move,374.1,471.95
8,832,Player_7,DEF,Death,177.32,17.43
8,832,Player_6,DEF,Move,553.27,488.06
8,832,Player_9,DEF,Kill,239.98,208.64
8,832,Player_1,ATK,Move,443.01,362.16
8,832,Player_10,DEF,Death,794.41,753.44
8,832,Player_10,DEF,Utility,478.66,439.43
8,832,Player_7,DEF,Kill,809.37,768.15
8,832,Player_7,DEF,Move,217.37,219.6
8,833,Player_4,ATK,Move,765.49,626.0
8,833,Player_10,DEF,Kill,862.83,791.15
8,833,Player_4,ATK,Move,886.32,826.0
8,834,Player_2,ATK,Utility,188.6,96.24
8,834,Player_1,ATK,Death,819.62,798.78
8,834,Player_10,DEF,Move,619.0,580.0
8,835,Player_1,ATK,Kill,517.43,499.19
8,835,Player_8,DEF,Kill,285.52,132.83
8,835,Player_4,ATK,Death,187.42,106.04
8,836,Player_8,DEF,Death,548.48,585.79
8,836,Player_5,ATK,Kill,830.98,798.86
8,837,Player_2,ATK,Kill,746.69,792.81
8,837,Player_10,DEF,Death,267.77,157.23
8,837,Player_2,ATK,Kill,872.82,809.35
8,838,Player_3,ATK,Utility,330.0,551.0
8,839,Player_8,DEF,Kill,559.92,489.38
8,839,Player_8,DEF,Utility,521.7,511.07
8,839,Player_5,ATK,Move,681.7,731.67
8,839,Player_5,ATK,Utility,379.64,404.99
8,840,Player_3,ATK,Move,216.78,210.27
8,840,Player_5,ATK,Death,574.38,560.37
8,840,Player_4,ATK,Death,253.09,131.79
8,840,Player_4,ATK,Utility,405.42,353.37
8,840,Player_4,ATK,Utility,825.13,911.25
8,840,Player_3,ATK,Death,800.21,713.63
8,841,Player_3,ATK,Move,173.13,415.85
8,841,Player_5,ATK,Death,827.23,776.79
8,841,Player_8,DEF,Death,852.8,842.7
8,841,Player_3,ATK,Death,403.6,460.26
8,841,Player_4,ATK,Death,160.65,119.87
8,841,Player_10,DEF,Utility,809.97,777.84
8,841,Player_7,DEF,Move,448.0,429.73
8,842,Player_9,DEF,Kill,284.94,168.59
8,842,Player_7,DEF,Utility,230.25,290.53
8,842,Player_9,DEF,Death,515.28,527.37
8,842,Player_3,ATK,Death,808.76,875.94
8,842,Player_9,DEF,Kill,714.5,818.17
8,843,Player_5,ATK,Death,67.31,172.8
8,843,Player_7,DEF,Utility,257.45,226.05
8,843,Player_7,DEF,Death,505.25,424.59
8,843,Player_1,ATK,Death,829.11,821.82
8,843,Player_1,ATK,Utility,377.37,379.26
8,843,Player_1,ATK,Death,401.4,513.93
8,844,Player_3,ATK,Move,711.81,493.37
8,844,Player_4,ATK,Utility,934.0,69.0
8,844,Player_3,ATK,Move,605.85,585.75
8,844,Player_7,DEF,Utility,213.58,109.35
8,844,Player_1,ATK,Death,199.77,237.26
8,844,Player_3,ATK,Move,138.0,515.0
8,845,Player_8,DEF,Utility,751.99,554.49
8,845,Player_10,DEF,Kill,891.69,799.87
8,845,Player_7,DEF,Utility,311.05,454.84
8,846,Player_10,DEF,Death,812.82,870.16
8,846,Player_7,DEF,Utility,993.0,967.0
8,846,Player_1,ATK,Move,773.2,880.91
8,846,Player_9,DEF,Move,706.13,682.25
8,847,Player_7,DEF,Utility,597.27,535.11
8,847,Player_3,ATK,Utility,106.23,122.6
8,847,Player_9,DEF,Death,520.9,546.95
8,848,Player_8,DEF,Move,505.71,581.58
8,848,Player_10,DEF,Move,771.22,792.59
8,848,Player_10,DEF,Death,507.46,576.99
8,848,Player_5,ATK,Death,286.18,206.42
8,848,Player_10,DEF,Death,168.42,221.73
8,848,Player_8,DEF,Kill,804.0,853.69
8,848,Player_7,DEF,Death,434.53,417.96
8,848,Player_1,ATK,Move,811.68,601.04
8,849,Player_9,DEF,Move,150.0,490.0
8,849,Player_7,DEF,Death,474.1,435.3
8,849,Player_2,ATK,Utility,247.63,324.37
8,849,Player_7,DEF,Death,185.19,214.3
8,850,Player_7,DEF,Death,879.88,765.99
8,850,Player_4,ATK,Move,412.2,445.24
8,850,Player_7,DEF,Death,520.43,456.19
8,850,Player_6,DEF,Utility,242.05,419.92
8,851,Player_4,ATK,Death,470.69,517.88
8,851,Player_4,ATK,Death,163.67,201.67
8,851,Player_5,ATK,Kill,818.18,761.97
8,851,Player_6,DEF,Death,525.64,473.75
8,852,Player_4,ATK,Death,422.68,435.03
8,852,Player_8,DEF,Move,272.28,213.3
8,852,Player_2,ATK,Kill,208.96,197.99
8,852,Player_8,DEF,Move,498.12,463.69
8,852,Player_3,ATK,Kill,709.3,915.3
8,852,Player_8,DEF,Kill,818.41,815.87
8,853,Player_5,ATK,Utility,322.24,376.5
8,853,Player_6,DEF,Utility,96.36,204.6
8,853,Player_7,DEF,Move,396.39,482.85
8,854,Player_3,ATK,Kill,228.46,179.85
8,854,Player_9,DEF,Death,798.35,874.34
8,854,Player_7,DEF,Death,197.06,250.16
8,854,Player_9,DEF,Utility,356.0,973.0
8,854,Player_5,ATK,Utility,147.74,223.49
8,854,Player_9,DEF,Death,729.4,830.32
8,855,Player_8,DEF,Utility,124.68,141.78
8,855,Player_4,ATK,Death,167.28,147.61
8,855,Player_7,DEF,Death,783.89,763.67
8,855,Player_2,ATK,Kill,513.15,542.72
8,855,Player_3,ATK,Utility,222.11,91.73
8,855,Player_5,ATK,Move,705.0,281.0
8,855,Player_4,ATK,Move,273.9,341.31
8,856,Player_7,DEF,Utility,557.0,748.0
8,856,Player_3,ATK,Move,873.0,749.0
8,856,Player_10,DEF,Utility,361.0,757.0
8,856,Player_5,ATK,Death,487.37,534.03
8,856,Player_6,DEF,Death,139.28,224.87
8,856,Player_7,DEF,Kill,521.69,586.78
8,857,Player_9,DEF,Death,560.58,595.99
8,857,Player_2,ATK,Death,223.06,186.8
8,857,Player_1,ATK,Utility,263.07,331.7
8,857,Player_3,ATK,Death,594.68,492.69
8,857,Player_9,DEF,Utility,417.0,457.0
8,857,Player_4,ATK,Kill,513.11,597.64
8,858,Player_7,DEF,Move,823.89,758.64
8,858,Player_3,ATK,Utility,52.71,162.44
8,858,Player_3,ATK,Kill,777.75,760.83
8,858,Player_6,DEF,Death,173.64,196.78
8,858,Player_2,ATK,Death,746.26,706.91
8,859,Player_2,ATK,Kill,211.67,192.32
8,859,Player_10,DEF,Move,818.0,255.0
8,860,Player_4,ATK,Move,790.0,160.0
8,860,Player_1,ATK,Move,253.7,387.88
8,860,Player_1,ATK,Kill,780.88,764.41
8,860,Player_4,ATK,Utility,411.68,597.77
8,860,Player_10,DEF,Utility,818.67,836.62
8,860,Player_10,DEF,Kill,792.32,764.39
8,860,Player_6,DEF,Utility,422.6,262.97
8,861,Player_10,DEF,Move,805.0,24.0
8,861,Player_8,DEF,Utility,533.7,423.03
8,861,Player_6,DEF,Move,241.42,460.37
8,861,Player_8,DEF,Move,667.51,660.71
8,862,Player_7,DEF,Utility,178.07,194.49
8,862,Player_3,ATK,Move,253.92,412.9
8,862,Player_7,DEF,Move,514.88,437.6
8,862,Player_2,ATK,Move,527.0,537.0
8,862,Player_8,DEF,Death,471.04,525.72
8,862,Player_3,ATK,Move,698.57,630.94
8,863,Player_3,ATK,Move,30.13,251.04
8,863,Player_4,ATK,Utility,106.51,348.93
8,863,Player_6,DEF,Move,216.64,330.1
8,863,Player_6,DEF,Kill,272.98,156.98
8,863,Player_6,DEF,Move,706.7,539.33
8,864,Player_6,DEF,Kill,784.6,847.96
8,864,Player_6,DEF,Death,517.24,529.26
8,864,Player_2,ATK,Kill,722.93,819.16
8,864,Player_8,DEF,Death,775.07,797.89
8,865,Player_10,DEF,Utility,164.79,264.67
8,865,Player_10,DEF,Death,164.38,252.06
8,865,Player_1,ATK,Move,829.96,698.93
8,865,Player_7,DEF,Move,686.27,641.61
8,865,Player_9,DEF,Move,596.74,605.02
8,865,Player_2,ATK,Move,429.89,362.07
8,865,Player_1,ATK,Death,542.0,483.7
8,865,Player_10,DEF,Kill,802.88,705.49
8,866,Player_3,ATK,Death,789.17,836.18
8,866,Player_9,DEF,Death,484.19,556.35
8,866,Player_5,ATK,Utility,401.07,478.51
8,867,Player_7,DEF,Death,489.68,411.13
8,867,Player_8,DEF,Death,712.2,735.68
8,867,Player_2,ATK,Kill,491.78,422.46
8,868,Player_10,DEF,Utility,277.36,331.21
8,868,Player_10,DEF,Utility,802.69,588.79
8,869,Player_1,ATK,Death,787.03,771.3
8,869,Player_2,ATK,Utility,174.02,333.65
8,869,Player_2,ATK,Utility,400.93,460.34
8,869,Player_7,DEF,Death,186.94,159.26
8,869,Player_2,ATK,Utility,109.59,141.04
8,870,Player_1,ATK,Kill,558.66,522.44
8,870,Player_5,ATK,Move,888.71,874.4
8,870,Player_9,DEF,Utility,445.0,343.0
8,870,Player_6,DEF,Death,171.18,269.59
8,870,Player_4,ATK,Kill,220.07,137.17
8,871,Player_1,ATK,Kill,212.43,223.75
8,871,Player_7,DEF,Utility,578.54,494.73
8,871,Player_9,DEF,Move,183.9,444.19
8,871,Player_10,DEF,Kill,809.51,857.86
8,871,Player_10,DEF,Death,815.69,825.54
8,871,Player_6,DEF,Death,161.34,165.45
8,872,Player_10,DEF,Death,882.75,762.01
8,872,Player_1,ATK,Move,325.8,423.22
8,872,Player_5,ATK,Move,211.0,916.0
8,872,Player_10,DEF,Death,848.38,766.25
8,872,Player_5,ATK,Kill,459.54,511.72
8,872,Player_7,DEF,Death,228.55,166.68
8,873,Player_5,ATK,Death,768.09,828.46
8,873,Player_1,ATK,Death,749.3,842.13
8,873,Player_2,ATK,Death,486.76,453.54
8,873,Player_4,ATK,Move,773.95,814.55
8,873,Player_10,DEF,Move,246.0,579.0
8,873,Player_7,DEF,Move,255.31,333.92
8,873,Player_9,DEF,Move,899.0,465.0
8,873,Player_3,ATK,Death,138.62,220.53
8,873,Player_8,DEF,Kill,512.04,425.85
8,874,Player_2,ATK,Move,723.33,786.61
8,874,Player_7,DEF,Move,26.0,63.0
8,874,Player_5,ATK,Move,803.42,890.84
8,874,Player_4,ATK,Move,794.78,921.88
8,874,Player_1,ATK,Move,283.31,166.01
8,874,Player_8,DEF,Utility,861.97,605.85
8,874,Player_9,DEF,Utility,458.0,727.0
8,874,Player_5,ATK,Death,790.32,810.32
8,874,Player_6,DEF,Move,326.65,581.09
8,874,Player_3,ATK,Move,762.91,414.14
8,874,Player_10,DEF,Move,612.28,445.03
8,876,Player_2,ATK,Death,180.31,204.41
8,876,Player_7,DEF,Move,690.17,596.07
8,876,Player_6,DEF,Kill,786.29,897.36
8,876,Player_7,DEF,Kill,189.07,219.86
8,876,Player_1,ATK,Move,483.0,892.0
8,877,Player_2,ATK,Utility,768.65,566.63
8,877,Player_2,ATK,Death,192.45,209.12
8,878,Player_9,DEF,Kill,480.55,417.81
8,878,Player_8,DEF,Utility,506.46,534.98
8,878,Player_10,DEF,Death,175.39,146.4
8,879,Player_2,ATK,Death,236.17,195.74
8,879,Player_10,DEF,Move,493.64,432.39
8,879,Player_3,ATK,Move,468.27,596.92
8,879,Player_10,DEF,Utility,380.0,169.0
8,879,Player_6,DEF,Kill,475.17,523.75
8,880,Player_4,ATK,Utility,374.0,983.0
8,880,Player_6,DEF,Kill,499.69,546.74
8,880,Player_8,DEF,Move,276.71,131.49
8,880,Player_6,DEF,Utility,160.0,805.0
8,881,Player_5,ATK,Utility,350.34,476.41
8,881,Player_7,DEF,Utility,797.01,774.97
8,881,Player_2,ATK,Death,517.1,473.82
8,881,Player_3,ATK,Kill,145.2,127.54
8,881,Player_9,DEF,Move,826.21,739.32
8,881,Player_6,DEF,Utility,245.0,734.0
8,881,Player_6,DEF,Move,699.87,835.07
8,882,Player_5,ATK,Kill,472.88,549.63
8,882,Player_6,DEF,Move,893.0,163.0
8,882,Player_1,ATK,Move,359.5,439.42
8,882,Player_1,ATK,Kill,826.69,857.36
8,883,Player_1,ATK,Utility,144.25,285.92
8,883,Player_7,DEF,Death,798.93,823.86
8,883,Player_6,DEF,Utility,240.84,0.0
8,883,Player_7,DEF,Death,523.29,512.8
8,883,Player_6,DEF,Move,363.33,175.09
8,883,Player_6,DEF,Move,634.06,860.25
8,884,Player_1,ATK,Kill,76.19,181.57
8,884,Player_4,ATK,Move,590.58,556.59
8,884,Player_7,DEF,Kill,563.03,418.44
8,884,Player_8,DEF,Kill,150.6,194.17
8,885,Player_6,DEF,Move,439.49,485.39
8,885,Player_9,DEF,Kill,839.98,876.84
8,885,Player_10,DEF,Move,201.49,77.54
8,886,Player_8,DEF,Utility,694.44,648.96
8,886,Player_6,DEF,Move,753.49,503.39
8,886,Player_6,DEF,Death,858.99,787.95
8,886,Player_2,ATK,Move,419.18,412.66
8,887,Player_2,ATK,Move,289.19,585.01
8,887,Player_10,DEF,Utility,372.0,283.0
8,887,Player_7,DEF,Kill,790.13,831.6
8,887,Player_2,ATK,Death,66.53,126.77
8,887,Player_9,DEF,Death,718.0,766.5
8,888,Player_7,DEF,Kill,856.91,858.62
8,888,Player_6,DEF,Death,222.9,173.13
8,888,Player_1,ATK,Utility,477.69,504.07
8,888,Player_8,DEF,Kill,170.45,195.54
8,888,Player_3,ATK,Utility,735.72,658.16
8,888,Player_7,DEF,Move,396.27,557.98
8,889,Player_6,DEF,Utility,202.87,297.65
8,889,Player_2,ATK,Move,782.0,706.0
8,889,Player_3,ATK,Move,440.12,590.41
8,889,Player_7,DEF,Death,253.41,146.58
8,889,Player_1,ATK,Death,103.18,181.44
8,890,Player_3,ATK,Kill,792.92,863.4
8,890,Player_3,ATK,Utility,383.05,166.8
8,890,Player_5,ATK,Death,247.41,224.9
8,890,Player_7,DEF,Kill,478.83,486.4
8,891,Player_10,DEF,Move,530.0,580.0
8,891,Player_5,ATK,Kill,481.9,502.31
8,891,Player_4,ATK,Kill,241.55,273.77
8,891,Player_7,DEF,Move,473.0,335.0
8,891,Player_8,DEF,Utility,410.79,424.41
8,892,Player_10,DEF,Kill,801.93,828.76
8,892,Player_9,DEF,Move,346.99,447.39
8,892,Player_10,DEF,Kill,183.21,231.99
8,892,Player_5,ATK,Utility,661.19,508.6
8,892,Player_2,ATK,Kill,235.22,159.9
8,892,Player_9,DEF,Utility,810.67,874.47
8,892,Player_4,ATK,Death,841.95,834.45
8,893,Player_10,DEF,Death,613.59,502.89
8,893,Player_3,ATK,Kill,388.18,530.01
8,893,Player_2,ATK,Utility,458.0,699.0
8,893,Player_7,DEF,Death,459.61,518.1
8,894,Player_10,DEF,Death,508.99,583.56
8,894,Player_9,DEF,Death,836.01,751.57
8,894,Player_2,ATK,Move,14.0,785.0
8,894,Player_10,DEF,Kill,809.26,825.82
8,894,Player_2,ATK,Move,626.3,802.84
8,894,Player_2,ATK,Death,392.91,508.89
8,895,Player_10,DEF,Death,440.14,520.63
8,895,Player_1,ATK,Death,265.39,183.27
8,895,Player_7,DEF,Move,642.0,513.0
8,895,Player_2,ATK,Death,110.7,215.79
8,895,Player_3,ATK,Move,313.22,242.63
8,895,Player_3,ATK,Move,687.0,992.0
8,895,Player_4,ATK,Kill,792.73,910.88
8,895,Player_10,DEF,Utility,494.56,625.78
8,896,Player_5,ATK,Kill,779.89,828.79
8,896,Player_6,DEF,Kill,434.09,345.5
8,896,Player_1,ATK,Move,299.17,231.63
8,896,Player_1,ATK,Move,708.0,66.0
8,896,Player_9,DEF,Move,467.39,509.0
8,897,Player_3,ATK,Utility,3.0,270.0
8,897,Player_2,ATK,Utility,527.0,799.0
8,897,Player_2,ATK,Kill,855.82,784.52
8,897,Player_6,DEF,Death,239.92,126.02
8,898,Player_9,DEF,Utility,476.39,366.99
8,898,Player_8,DEF,Death,851.07,842.23
8,898,Player_5,ATK,Move,276.1,139.2
8,898,Player_4,ATK,Kill,811.47,786.33
8,898,Player_2,ATK,Kill,451.22,482.82
8,899,Player_4,ATK,Move,364.16,349.96
8,899,Player_4,ATK,Death,176.14,205.31
9,900,Player_9,DEF,Kill,210.97,234.56
9,900,Player_5,ATK,Death,481.42,434.91
9,900,Player_7,DEF,Kill,813.21,720.45
9,900,Player_4,ATK,Death,821.79,827.82
9,900,Player_10,DEF,Utility,121.0,104.0
9,900,Player_6,DEF,Move,223.51,144.69
9,900,Player_7,DEF,Move,483.78,320.75
9,900,Player_10,DEF,Move,364.0,649.0
9,900,Player_3,ATK,Kill,855.11,732.82
9,900,Player_5,ATK,Move,355.63,421.88
9,901,Player_6,DEF,Utility,588.0,485.0
9,901,Player_3,ATK,Kill,787.9,844.21
9,901,Player_8,DEF,Death,790.04,792.63
9,901,Player_8,DEF,Death,576.28,468.03
9,901,Player_5,ATK,Utility,489.0,884.0
9,902,Player_3,ATK,Utility,529.45,537.28
9,902,Player_10,DEF,Utility,501.0,77.0
9,902,Player_8,DEF,Utility,887.0,482.0
9,902,Player_6,DEF,Move,230.1,252.88
9,902,Player_4,ATK,Move,871.2,716.65
9,902,Player_5,ATK,Kill,189.97,218.01
9,902,Player_2,ATK,Utility,587.0,637.0
9,902,Player_10,DEF,Kill,863.6,870.61
9,903,Player_9,DEF,Utility,473.0,920.0
9,903,Player_2,ATK,Move,614.0,971.0
9,903,Player_1,ATK,Kill,889.46,808.02
9,903,Player_9,DEF,Death,831.85,765.19
9,904,Player_6,DEF,Utility,486.0,522.0
9,904,Player_5,ATK,Utility,601.97,838.78
9,904,Player_6,DEF,Move,724.53,849.82
9,904,Player_9,DEF,Kill,310.1,177.35
9,904,Player_1,ATK,Death,840.56,842.84
9,904,Player_4,ATK,Move,420.0,745.0
9,905,Player_3,ATK,Kill,112.21,198.39
9,905,Player_5,ATK,Move,769.29,884.96
9,905,Player_5,ATK,Utility,718.0,553.0
9,905,Player_10,DEF,Kill,145.04,176.62
9,905,Player_9,DEF,Kill,834.44,667.5
9,906,Player_5,ATK,Kill,545.9,509.71
9,906,Player_3,ATK,Utility,799.0,365.0
9,906,Player_2,ATK,Move,415.99,339.07
9,906,Player_3,ATK,Kill,144.74,179.93
9,906,Player_10,DEF,Move,888.0,327.0
9,907,Player_7,DEF,Utility,282.67,350.14
9,907,Player_4,ATK,Utility,590.49,577.09
9,907,Player_1,ATK,Kill,175.51,215.42
9,907,Player_3,ATK,Death,195.91,210.78
9,907,Player_8,DEF,Kill,889.3,871.47
9,907,Player_4,ATK,Move,157.46,234.13
9,907,Player_4,ATK,Move,363.52,468.87
9,908,Player_2,ATK,Move,618.99,599.7
9,908,Player_1,ATK,Kill,511.52,498.91
9,908,Player_7,DEF,Utility,556.78,399.42
9,908,Player_5,ATK,Death,187.81,177.32
9,908,Player_10,DEF,Death,782.32,736.14
9,908,Player_7,DEF,Death,772.98,763.25
9,909,Player_2,ATK,Kill,245.32,177.02
9,909,Player_2,ATK,Utility,668.9,762.87
9,909,Player_1,ATK,Death,853.94,844.23
9,909,Player_2,ATK,Move,705.83,594.42
9,909,Player_10,DEF,Move,618.93,539.35
9,909,Player_7,DEF,Kill,236.01,53.36
9,910,Player_1,ATK,Kill,242.02,254.13
9,910,Player_6,DEF,Death,718.2,864.65
9,910,Player_6,DEF,Death,796.59,862.79
9,910,Player_4,ATK,Move,585.0,792.0
9,910,Player_8,DEF,Death,836.18,787.42
9,910,Player_3,ATK,Death,763.41,772.52
9,910,Player_2,ATK,Kill,779.96,764.58
9,910,Player_4,ATK,Utility,203.03,177.62
9,911,Player_3,ATK,Death,231.91,137.42
9,911,Player_7,DEF,Kill,869.71,826.72
9,911,Player_10,DEF,Move,833.86,673.0
9,911,Player_4,ATK,Death,176.95,115.45
9,911,Player_3,ATK,Move,583.0,341.0
9,911,Player_10,DEF,Utility,725.24,621.45
9,911,Player_5,ATK,Utility,123.0,380.0
9,911,Player_8,DEF,Kill,584.74,424.57
9,912,Player_7,DEF,Utility,194.71,175.67
9,912,Player_6,DEF,Death,807.58,762.22
9,913,Player_1,ATK,Death,863.36,801.42
9,913,Player_1,ATK,Utility,249.04,181.17
9,914,Player_4,ATK,Utility,709.22,810.41
9,914,Player_8,DEF,Kill,764.17,757.74
9,914,Player_9,DEF,Kill,827.92,817.57
9,914,Player_8,DEF,Death,204.98,199.51
9,914,Player_5,ATK,Kill,141.11,256.09
9,914,Player_2,ATK,Utility,143.0,711.0
9,914,Player_2,ATK,Death,352.72,580.46
9,914,Player_8,DEF,Death,798.79,761.11
9,915,Player_4,ATK,Utility,220.69,71.36
9,915,Player_9,DEF,Death,109.76,148.63
9,915,Player_6,DEF,Death,253.63,250.16
9,915,Player_1,ATK,Kill,888.86,880.53
9,915,Player_8,DEF,Kill,769.71,799.47
9,915,Player_2,ATK,Kill,762.34,788.94
9,915,Player_4,ATK,Kill,495.0,576.86
9,915,Player_3,ATK,Death,692.1,779.06
9,916,Player_10,DEF,Kill,553.24,398.47
9,916,Player_8,DEF,Death,835.65,790.71
9,916,Player_9,DEF,Utility,354.2,233.64
9,916,Player_6,DEF,Kill,509.53,596.12
9,916,Player_1,ATK,Kill,905.56,811.12
9,916,Player_9,DEF,Move,186.81,127.31
9,916,Player_10,DEF,Move,868.84,907.29
9,917,Player_3,ATK,Utility,545.83,365.54
9,917,Player_8,DEF,Kill,173.47,96.45
9,917,Player_3,ATK,Move,420.0,341.0
9,917,Player_1,ATK,Move,151.0,865.0
9,917,Player_9,DEF,Kill,846.22,733.54
9,917,Player_2,ATK,Death,788.02,837.19
9,917,Player_6,DEF,Death,767.05,808.75
9,917,Player_8,DEF,Move,112.62,186.1
9,917,Player_7,DEF,Utility,239.9,278.15
9,918,Player_8,DEF,Utility,3.0,283.0
9,918,Player_8,DEF,Death,428.92,478.79
9,919,Player_1,ATK,Death,750.06,790.43
9,919,Player_4,ATK,Move,651.39,594.5
9,919,Player_7,DEF,Death,731.04,851.97
9,919,Player_5,ATK,Death,499.8,516.68
9,920,Player_4,ATK,Death,227.22,191.12
9,920,Player_2,ATK,Kill,412.42,521.73
9,921,Player_9,DEF,Kill,540.65,489.88
9,921,Player_9,DEF,Death,913.11,848.69
9,921,Player_5,ATK,Utility,522.81,570.07
9,921,Player_4,ATK,Kill,174.74,276.75
9,921,Player_7,DEF,Death,759.19,941.76
9,921,Player_5,ATK,Utility,572.97,392.74
9,922,Player_7,DEF,Utility,621.0,834.0
9,922,Player_8,DEF,Move,695.12,607.05
9,922,Player_8,DEF,Move,991.0,625.0
9,923,Player_8,DEF,Death,773.22,738.56
9,923,Player_5,ATK,Utility,228.35,376.01
9,923,Player_4,ATK,Move,525.73,450.77
9,923,Player_9,DEF,Utility,417.58,520.96
9,923,Player_6,DEF,Death,191.22,278.61
9,923,Player_2,ATK,Move,866.0,206.0
9,924,Player_2,ATK,Kill,805.29,756.75
9,924,Player_1,ATK,Death,261.85,194.8
9,924,Player_5,ATK,Move,449.08,697.38
9,925,Player_1,ATK,Utility,156.0,309.0
9,925,Player_8,DEF,Utility,414.17,514.56
9,925,Player_6,DEF,Utility,798.56,600.28
9,925,Player_3,ATK,Kill,522.45,538.56
9,926,Player_8,DEF,Kill,754.39,770.07
9,927,Player_8,DEF,Utility,622.73,747.18
9,927,Player_8,DEF,Kill,495.45,459.35
9,927,Player_2,ATK,Utility,722.19,647.51
9,927,Player_10,DEF,Move,756.11,658.87
9,927,Player_9,DEF,Utility,208.0,908.0
9,927,Player_7,DEF,Utility,291.04,406.88
9,927,Player_10,DEF,Kill,501.8,426.02
9,927,Player_4,ATK,Move,666.0,675.0
9,928,Player_2,ATK,Death,819.87,813.56
9,928,Player_4,ATK,Utility,476.0,153.0
9,929,Player_4,ATK,Death,457.1,506.22
9,930,Player_5,ATK,Move,710.93,668.95
9,930,Player_2,ATK,Kill,866.11,757.18
9,930,Player_7,DEF,Utility,628.64,939.79
9,931,Player_8,DEF,Utility,270.99,407.09
9,931,Player_5,ATK,Death,380.69,529.08
9,931,Player_1,ATK,Utility,639.33,408.32
9,931,Player_3,ATK,Kill,767.46,895.25
9,931,Player_1,ATK,Death,868.22,781.34
9,932,Player_5,ATK,Kill,505.43,549.64
9,932,Player_7,DEF,Kill,573.76,392.31
9,932,Player_5,ATK,Move,46.0,481.0
9,932,Player_7,DEF,Kill,579.7,428.13
9,932,Player_8,DEF,Kill,497.66,554.68
9,932,Player_4,ATK,Utility,949.58,758.73
9,933,Player_3,ATK,Kill,847.38,871.96
9,933,Player_6,DEF,Move,614.0,110.0
9,933,Player_9,DEF,Kill,834.92,798.08
9,933,Player_6,DEF,Death,198.83,168.62
9,933,Player_2,ATK,Move,241.59,409.2
9,933,Player_4,ATK,Death,224.01,171.0
9,933,Player_2,ATK,Death,466.54,466.89
9,934,Player_3,ATK,Death,920.52,849.15
9,934,Player_10,DEF,Kill,203.7,202.23
9,934,Player_10,DEF,Utility,282.45,329.55
9,934,Player_2,ATK,Kill,289.16,83.54
9,935,Player_4,ATK,Death,200.75,199.58
9,935,Player_6,DEF,Move,329.29,471.73
9,935,Player_1,ATK,Death,789.18,731.78
9,935,Player_2,ATK,Death,469.08,572.96
9,935,Player_8,DEF,Utility,357.17,165.7
9,935,Player_3,ATK,Utility,204.52,226.17
9,936,Player_10,DEF,Death,230.57,168.23
9,936,Player_5,ATK,Utility,278.27,356.47
9,936,Player_7,DEF,Utility,778.0,778.0
9,936,Player_4,ATK,Kill,473.48,458.29
9,937,Player_3,ATK,Kill,773.48,867.11
9,937,Player_7,DEF,Kill,179.14,187.03
9,937,Player_5,ATK,Kill,830.06,811.59
9,937,Player_5,ATK,Utility,655.72,600.43
9,938,Player_6,DEF,Kill,234.37,245.16
9,938,Player_9,DEF,Utility,674.51,663.51
9,938,Player_1,ATK,Move,614.16,652.68
9,938,Player_5,ATK,Kill,199.39,169.39
9,939,Player_7,DEF,Utility,928.0,44.0
9,939,Player_8,DEF,Move,170.05,195.12
9,939,Player_7,DEF,Death,839.78,822.33
9,939,Player_10,DEF,Utility,915.0,377.0
9,940,Player_2,ATK,Kill,551.33,478.83
9,940,Player_1,ATK,Death,136.18,164.56
9,941,Player_7,DEF,Kill,220.3,242.98
9,941,Player_5,ATK,Death,416.0,515.28
9,941,Player_4,ATK,Death,824.24,811.68
9,942,Player_3,ATK,Move,456.0,676.0
9,942,Player_1,ATK,Move,571.85,584.29
9,942,Player_5,ATK,Move,579.03,598.22
9,943,Player_6,DEF,Death,479.47,518.17
9,943,Player_3,ATK,Utility,66.0,89.0
9,943,Player_4,ATK,Death,744.57,710.3
9,943,Player_7,DEF,Move,115.32,92.86
9,943,Player_10,DEF,Move,96.0,710.0
9,943,Player_3,ATK,Move,481.82,471.12
9,943,Player_1,ATK,Utility,437.59,528.9
9,944,Player_9,DEF,Death,467.82,455.53
9,944,Player_2,ATK,Kill,829.4,710.03
9,945,Player_4,ATK,Move,757.06,929.74
9,945,Player_6,DEF,Kill,840.23,685.73
9,945,Player_10,DEF,Move,286.41,455.74
9,946,Player_2,ATK,Death,777.55,793.68
9,946,Player_10,DEF,Death,429.19,455.18
9,946,Player_4,ATK,Kill,147.98,162.04
9,946,Player_9,DEF,Death,97.8,181.26
9,946,Player_2,ATK,Utility,784.8,836.92
9,946,Player_10,DEF,Utility,635.45,724.94
9,946,Player_9,DEF,Death,131.81,211.05
9,947,Player_5,ATK,Move,508.05,411.36
9,947,Player_4,ATK,Utility,332.99,205.57
9,947,Player_5,ATK,Move,407.0,277.0
9,947,Player_6,DEF,Utility,851.0,844.0
9,948,Player_1,ATK,Death,155.3,177.66
9,948,Player_10,DEF,Death,211.06,142.96
9,948,Player_4,ATK,Kill,295.0,89.21
9,948,Player_3,ATK,Utility,641.11,580.45
9,948,Player_10,DEF,Utility,502.0,910.0
9,948,Player_9,DEF,Death,193.66,233.1
9,948,Player_8,DEF,Death,746.62,768.58
9,949,Player_5,ATK,Move,670.82,427.46
9,949,Player_1,ATK,Kill,487.09,471.88
9,949,Player_2,ATK,Death,581.44,544.51
9,949,Player_4,ATK,Death,506.76,610.64
9,949,Player_10,DEF,Move,148.0,758.0
9,949,Player_2,ATK,Move,304.09,355.4
9,950,Player_7,DEF,Utility,945.48,776.86
9,950,Player_9,DEF,Kill,208.09,258.77
9,950,Player_10,DEF,Move,276.0,880.0
9,951,Player_10,DEF,Move,51.0,251.0
9,951,Player_3,ATK,Utility,396.41,457.84
9,952,Player_9,DEF,Kill,208.24,195.75
9,952,Player_8,DEF,Move,738.85,559.73
9,952,Player_5,ATK,Utility,452.46,405.88
9,952,Player_1,ATK,Kill,535.22,503.99
9,952,Player_5,ATK,Kill,479.55,536.21
9,952,Player_6,DEF,Kill,787.26,799.58
9,952,Player_8,DEF,Move,211.56,380.34
9,953,Player_6,DEF,Death,238.83,170.3
9,953,Player_3,ATK,Kill,812.86,819.16
9,953,Player_8,DEF,Move,220.0,151.0
9,953,Player_10,DEF,Death,234.33,241.05
9,953,Player_7,DEF,Death,461.91,405.24
9,953,Player_8,DEF,Utility,380.9,445.74
9,953,Player_5,ATK,Kill,587.83,422.79
9,953,Player_9,DEF,Kill,184.3,128.81
9,954,Player_6,DEF,Death,833.8,823.97
9,954,Player_1,ATK,Utility,160.87,0.0
9,954,Player_9,DEF,Death,476.73,420.82
9,955,Player_9,DEF,Kill,538.92,464.48
9,955,Player_10,DEF,Death,440.31,487.63
9,955,Player_2,ATK,Kill,451.0,438.96
9,955,Player_5,ATK,Kill,780.68,705.97
9,955,Player_9,DEF,Kill,493.5,473.5
9,955,Player_5,ATK,Utility,453.02,561.65
9,956,Player_1,ATK,Kill,791.88,748.28
9,956,Player_6,DEF,Kill,279.92,220.89
9,956,Player_7,DEF,Kill,874.6,807.23
9,956,Player_6,DEF,Utility,750.0,886.0
9,956,Player_1,ATK,Utility,268.47,449.57
9,956,Player_3,ATK,Death,456.35,531.03
9,957,Player_1,ATK,Kill,797.81,803.68
9,957,Player_5,ATK,Death,553.15,478.56
9,957,Player_7,DEF,Kill,908.05,766.7
9,957,Player_7,DEF,Death,626.87,587.6
9,957,Player_2,ATK,Kill,196.13,130.75
9,957,Player_3,ATK,Death,811.97,786.69
9,957,Player_3,ATK,Death,180.91,185.0
9,957,Player_10,DEF,Utility,160.0,635.0
9,958,Player_1,ATK,Death,221.11,200.31
9,958,Player_10,DEF,Kill,815.27,782.8
9,958,Player_9,DEF,Kill,223.71,145.5
9,958,Player_3,ATK,Death,229.03,164.93
9,958,Player_3,ATK,Move,673.78,583.32
9,959,Player_10,DEF,Death,186.28,270.3
9,959,Player_5,ATK,Move,462.0,805.0
9,959,Player_6,DEF,Utility,333.93,514.55
9,959,Player_3,ATK,Utility,580.38,549.86
9,959,Player_6,DEF,Utility,811.2,864.96
9,960,Player_6,DEF,Utility,255.61,23.19
9,960,Player_9,DEF,Utility,669.85,635.42
9,960,Player_3,ATK,Death,830.32,827.32
9,961,Player_10,DEF,Utility,160.99,213.42
9,961,Player_1,ATK,Utility,360.31,479.42
9,961,Player_1,ATK,Kill,208.58,213.05
9,961,Player_5,ATK,Kill,264.86,189.01
9,961,Player_7,DEF,Move,686.0,708.0
9,961,Player_1,ATK,Kill,238.3,120.87
9,962,Player_8,DEF,Kill,178.84,314.17
9,962,Player_1,ATK,Death,815.96,795.2
9,962,Player_3,ATK,Death,565.84,484.39
9,962,Player_1,ATK,Kill,538.95,595.24
9,962,Player_3,ATK,Utility,569.32,659.42
9,962,Player_2,ATK,Utility,208.51,85.35
9,962,Player_7,DEF,Kill,659.92,714.78
9,963,Player_6,DEF,Kill,195.66,298.81
9,963,Player_7,DEF,Move,357.83,239.58
9,963,Player_1,ATK,Death,868.01,780.81
9,963,Player_10,DEF,Death,846.62,825.52
9,963,Player_1,ATK,Death,756.14,791.0
9,964,Player_2,ATK,Kill,609.54,437.97
9,964,Player_5,ATK,Move,537.84,574.32
9,964,Player_7,DEF,Kill,481.93,503.04
9,964,Player_1,ATK,Death,851.18,824.53
9,964,Player_1,ATK,Move,511.64,601.5
9,964,Player_10,DEF,Utility,430.0,698.0
9,964,Player_7,DEF,Death,786.17,718.54
9,965,Player_6,DEF,Kill,140.53,129.42
9,965,Player_9,DEF,Kill,454.48,503.54
9,965,Player_10,DEF,Move,536.37,415.69
9,965,Player_3,ATK,Death,762.21,788.61
9,966,Player_10,DEF,Move,344.44,154.09
9,966,Player_4,ATK,Utility,886.43,763.86
9,966,Player_5,ATK,Kill,845.98,888.02
9,966,Player_8,DEF,Utility,681.0,78.0
9,966,Player_5,ATK,Move,356.42,342.88
9,966,Player_2,ATK,Death,817.77,786.23
9,966,Player_8,DEF,Move,556.0,658.0
9,966,Player_6,DEF,Move,845.31,958.08
9,966,Player_9,DEF,Utility,257.51,402.05
9,966,Player_6,DEF,Move,552.5,680.27
9,966,Player_6,DEF,Utility,223.94,210.7
9,966,Player_6,DEF,Death,694.97,821.9
9,967,Player_8,DEF,Death,827.08,727.86
9,967,Player_4,ATK,Move,167.0,79.0
9,967,Player_9,DEF,Death,496.92,504.91
9,967,Player_2,ATK,Death,85.85,185.17
9,968,Player_10,DEF,Death,215.59,141.79
9,968,Player_1,ATK,Utility,532.0,474.0
9,968,Player_4,ATK,Move,652.0,116.0
9,968,Player_3,ATK,Utility,484.91,466.43
9,968,Player_7,DEF,Utility,617.75,613.95
9,968,Player_5,ATK,Move,629.95,530.35
9,968,Player_6,DEF,Utility,881.0,103.0
9,969,Player_4,ATK,Move,618.46,494.76
9,969,Player_7,DEF,Death,528.26,495.32
9,969,Player_10,DEF,Kill,532.36,450.95
9,969,Player_9,DEF,Kill,579.73,509.65
9,969,Player_7,DEF,Utility,824.58,727.02
9,969,Player_4,ATK,Death,164.66,177.14
9,970,Player_10,DEF,Move,480.1,534.19
9,970,Player_8,DEF,Move,720.59,767.14
9,970,Player_6,DEF,Death,767.37,787.1
9,970,Player_2,ATK,Kill,724.51,738.83
9,970,Player_3,ATK,Death,201.28,199.4
9,971,Player_2,ATK,Kill,883.64,780.53
9,972,Player_6,DEF,Death,845.6,724.8
9,972,Player_5,ATK,Utility,339.95,463.45
9,972,Player_4,ATK,Move,388.12,488.41
9,972,Player_2,ATK,Move,576.05,369.35
9,972,Player_3,ATK,Utility,712.12,654.13
9,972,Player_1,ATK,Kill,191.15,172.42
9,973,Player_1,ATK,Kill,223.76,181.86
9,973,Player_5,ATK,Utility,475.32,391.83
9,973,Player_5,ATK,Move,290.2,310.05
9,974,Player_5,ATK,Utility,832.53,809.17
9,974,Player_1,ATK,Death,824.19,782.2
9,974,Player_6,DEF,Death,726.85,726.32
9,974,Player_1,ATK,Death,221.59,112.64
9,974,Player_6,DEF,Utility,530.2,560.91
9,974,Player_10,DEF,Kill,242.21,153.15
9,975,Player_9,DEF,Kill,771.87,785.72
9,975,Player_8,DEF,Utility,829.97,803.07
9,975,Player_10,DEF,Move,602.5,646.51
9,975,Player_3,ATK,Move,776.66,442.38
9,975,Player_10,DEF,Kill,489.79,482.89
9,975,Player_10,DEF,Death,769.69,804.07
9,976,Player_3,ATK,Death,482.06,468.88
9,976,Player_3,ATK,Move,689.74,780.94
9,977,Player_1,ATK,Kill,452.84,605.67
9,977,Player_10,DEF,Move,497.07,498.14
9,977,Player_7,DEF,Death,797.54,918.71
9,977,Player_3,ATK,Death,829.08,789.96
9,977,Player_10,DEF,Utility,473.43,562.89
9,977,Player_2,ATK,Move,556.05,508.15
9,978,Player_3,ATK,Death,548.08,433.42
9,978,Player_1,ATK,Utility,572.96,458.55
9,978,Player_10,DEF,Death,772.77,798.22
9,979,Player_8,DEF,Death,225.78,274.37
9,979,Player_1,ATK,Utility,653.0,835.0
9,979,Player_10,DEF,Move,712.4,640.14
9,980,Player_2,ATK,Utility,986.0,310.0
9,980,Player_8,DEF,Move,387.06,652.24
9,980,Player_10,DEF,Move,154.73,209.65
9,980,Player_2,ATK,Move,357.71,513.05
9,980,Player_10,DEF,Kill,291.16,214.4
9,981,Player_6,DEF,Kill,568.18,532.35
9,981,Player_6,DEF,Move,473.54,311.94
9,981,Player_3,ATK,Utility,698.45,750.52
9,981,Player_3,ATK,Move,552.0,676.0
9,981,Player_5,ATK,Move,713.0,519.0
9,981,Player_1,ATK,Death,495.86,616.14
9,982,Player_10,DEF,Utility,554.27,553.2
9,982,Player_1,ATK,Death,775.29,837.18
9,982,Player_9,DEF,Utility,103.81,274.12
9,982,Player_6,DEF,Kill,135.84,243.47
9,983,Player_3,ATK,Move,854.0,930.0
9,983,Player_5,ATK,Utility,913.0,994.0
9,983,Player_4,ATK,Kill,496.12,558.79
9,983,Player_1,ATK,Kill,497.61,569.04
9,983,Player_3,ATK,Utility,328.7,237.31
9,984,Player_4,ATK,Kill,797.52,810.47
9,984,Player_2,ATK,Utility,424.0,427.0
9,984,Player_1,ATK,Death,471.09,479.72
9,984,Player_1,ATK,Death,519.05,562.02
9,984,Player_3,ATK,Kill,812.18,780.95
9,984,Player_4,ATK,Death,751.54,773.6
9,985,Player_4,ATK,Utility,243.0,736.0
9,985,Player_3,ATK,Move,453.91,566.64
9,985,Player_9,DEF,Kill,140.41,225.71
9,985,Player_7,DEF,Death,809.84,802.22
9,985,Player_9,DEF,Kill,850.9,740.39
9,985,Player_1,ATK,Death,790.37,790.24
9,986,Player_8,DEF,Kill,456.56,541.83
9,986,Player_10,DEF,Move,376.15,550.12
9,986,Player_5,ATK,Kill,748.03,869.38
9,987,Player_3,ATK,Death,779.72,905.83
9,987,Player_2,ATK,Move,82.05,207.72
9,987,Player_5,ATK,Death,544.24,523.06
9,988,Player_4,ATK,Move,331.0,279.0
9,988,Player_7,DEF,Kill,735.41,794.91
9,988,Player_5,ATK,Death,731.98,777.75
9,988,Player_7,DEF,Kill,481.45,519.04
9,988,Player_3,ATK,Kill,526.97,513.38
9,988,Player_5,ATK,Kill,508.02,480.22
9,989,Player_10,DEF,Death,159.32,308.08
9,989,Player_9,DEF,Utility,547.0,394.0
9,989,Player_1,ATK,Move,650.0,904.0
9,989,Player_4,ATK,Kill,784.57,751.24
9,989,Player_3,ATK,Kill,165.23,238.33
9,989,Player_10,DEF,Utility,371.0,139.0
9,990,Player_4,ATK,Death,188.38,198.74
9,990,Player_3,ATK,Move,715.7,842.98
9,990,Player_1,ATK,Kill,198.72,222.63
9,990,Player_9,DEF,Move,825.11,780.6
9,990,Player_8,DEF,Death,535.29,411.59
9,990,Player_1,ATK,Move,406.0,825.0
9,991,Player_3,ATK,Utility,242.0,326.0
9,991,Player_10,DEF,Utility,619.0,439.0
9,991,Player_9,DEF,Move,319.58,310.42
9,991,Player_5,ATK,Utility,28.0,47.0
9,991,Player_6,DEF,Move,342.0,521.0
9,992,Player_3,ATK,Death,203.6,163.11
9,992,Player_9,DEF,Move,746.92,836.14
9,992,Player_4,ATK,Utility,592.0,368.0
9,992,Player_4,ATK,Utility,841.18,684.41
9,993,Player_1,ATK,Kill,756.0,729.2
9,993,Player_4,ATK,Utility,973.0,255.0
9,993,Player_1,ATK,Death,496.06,567.43
9,993,Player_1,ATK,Move,351.45,448.28
9,993,Player_5,ATK,Move,707.69,704.54
9,994,Player_5,ATK,Death,550.47,432.42
9,994,Player_7,DEF,Move,434.63,509.53
9,994,Player_10,DEF,Utility,799.11,467.83
9,995,Player_7,DEF,Move,287.0,389.0
9,995,Player_10,DEF,Utility,930.0,502.0
9,995,Player_5,ATK,Move,355.0,685.0
9,995,Player_8,DEF,Kill,806.82,743.34
9,995,Player_10,DEF,Utility,388.11,407.76
9,995,Player_3,ATK,Move,555.79,586.98
9,995,Player_1,ATK,Death,524.17,456.08
9,996,Player_5,ATK,Utility,635.33,479.74
9,996,Player_4,ATK,Utility,325.0,64.0
9,996,Player_4,ATK,Death,320.32,253.35
9,996,Player_10,DEF,Utility,379.94,437.61
9,996,Player_7,DEF,Kill,821.58,765.95
9,997,Player_1,ATK,Move,720.79,613.02
9,997,Player_3,ATK,Move,680.0,773.0
9,997,Player_8,DEF,Death,549.14,438.31
9,997,Player_7,DEF,Kill,206.53,161.77
9,998,Player_7,DEF,Utility,728.49,583.71
9,998,Player_5,ATK,Utility,285.87,346.16
9,998,Player_3,ATK,Move,433.78,374.13
9,999,Player_5,ATK,Move,829.0,711.0
9,999,Player_4,ATK,Death,530.69,570.55
9,999,Player_2,ATK,Move,380.04,297.32
9,999,Player_1,ATK,Move,204.67,313.29
9,999,Player_4,ATK,Death,407.0,470.14
9,999,Player_8,DEF,Utility,730.4,650.72
10,1000,Player_2,ATK,Utility,254.24,354.06
10,1000,Player_10,DEF,Death,213.96,159.88
10,1000,Player_2,ATK,Utility,625.13,610.89
10,1001,Player_6,DEF,Kill,529.32,564.82
10,1001,Player_5,ATK,Death,117.09,250.07
10,1001,Player_5,ATK,Move,484.03,583.34
10,1002,Player_9,DEF,Death,213.19,169.17
10,1002,Player_10,DEF,Kill,207.39,162.49
10,1002,Player_9,DEF,Kill,227.36,191.69
10,1002,Player_5,ATK,Utility,388.26,554.09
10,1002,Player_6,DEF,Death,505.18,461.63
10,1002,Player_9,DEF,Utility,474.0,756.0
10,1003,Player_5,ATK,Move,265.03,298.39
10,1003,Player_9,DEF,Utility,545.89,536.99
10,1003,Player_5,ATK,Utility,113.03,198.48
10,1003,Player_4,ATK,Death,516.2,576.57
10,1003,Player_4,ATK,Move,278.0,897.0
10,1003,Player_5,ATK,Death,179.16,276.89
10,1004,Player_4,ATK,Utility,322.76,360.25
10,1004,Player_5,ATK,Kill,171.75,278.31
10,1004,Player_6,DEF,Kill,827.13,769.49
10,1005,Player_9,DEF,Death,517.89,515.27
10,1005,Player_3,ATK,Move,345.19,299.86
10,1005,Player_6,DEF,Kill,142.1,166.41
10,1005,Player_6,DEF,Kill,833.58,902.15
10,1006,Player_7,DEF,Death,752.93,778.65
10,1006,Player_2,ATK,Kill,427.33,535.75
10,1006,Player_7,DEF,Death,779.39,732.19
10,1006,Player_4,ATK,Death,499.72,549.17
10,1007,Player_10,DEF,Utility,725.38,777.96
10,1007,Player_4,ATK,Kill,438.81,407.67
10,1007,Player_2,ATK,Death,461.95,497.39
10,1007,Player_10,DEF,Kill,259.18,285.37
10,1008,Player_10,DEF,Move,386.9,421.15
10,1008,Player_9,DEF,Utility,589.0,929.0
10,1008,Player_1,ATK,Utility,113.07,172.81
10,1009,Player_6,DEF,Kill,828.96,795.63
10,1009,Player_3,ATK,Utility,449.73,515.06
10,1009,Player_8,DEF,Move,415.43,436.5
10,1009,Player_9,DEF,Death,901.67,826.33
10,1009,Player_9,DEF,Utility,918.0,275.0
10,1009,Player_2,ATK,Kill,858.54,753.52
10,1009,Player_6,DEF,Utility,733.0,421.0
10,1009,Player_4,ATK,Kill,264.83,184.34
10,1010,Player_3,ATK,Death,804.53,722.09
10,1010,Player_2,ATK,Utility,180.56,209.03
10,1010,Player_2,ATK,Move,219.0,649.0
10,1011,Player_4,ATK,Utility,827.0,684.0
10,1011,Player_7,DEF,Utility,822.56,809.63
10,1011,Player_8,DEF,Move,248.44,170.84
10,1011,Player_8,DEF,Move,434.25,539.11
10,1011,Player_3,ATK,Utility,454.17,570.14
10,1011,Player_8,DEF,Move,538.0,75.0
10,1011,Player_5,ATK,Move,477.0,37.0
10,1011,Player_2,ATK,Death,757.5,818.29
10,1011,Player_3,ATK,Move,228.96,271.78
10,1012,Player_3,ATK,Death,530.1,514.06
10,1012,Player_5,ATK,Utility,697.0,610.0
10,1012,Player_10,DEF,Utility,753.78,761.34
10,1013,Player_9,DEF,Death,266.64,332.35
10,1013,Player_5,ATK,Move,439.0,804.0
10,1013,Player_4,ATK,Move,543.07,557.12
10,1014,Player_1,ATK,Death,522.57,485.02
10,1014,Player_4,ATK,Kill,787.91,763.28
10,1014,Player_3,ATK,Utility,884.0,124.0
10,1014,Player_2,ATK,Utility,270.09,425.67
10,1014,Player_7,DEF,Death,791.74,739.8
10,1015,Player_9,DEF,Death,472.07,492.64
10,1015,Player_2,ATK,Death,210.16,243.94
10,1015,Player_7,DEF,Move,398.98,69.7
10,1015,Player_2,ATK,Death,492.63,467.03
10,1015,Player_6,DEF,Death,215.81,279.28
10,1015,Player_8,DEF,Utility,456.0,801.0
10,1015,Player_1,ATK,Death,838.75,784.46
10,1016,Player_6,DEF,Death,751.09,762.43
10,1016,Player_4,ATK,Utility,396.36,503.59
10,1016,Player_3,ATK,Move,352.21,346.96
10,1017,Player_5,ATK,Utility,864.0,979.0
10,1017,Player_10,DEF,Utility,380.42,411.77
10,1017,Player_8,DEF,Utility,198.32,144.09
10,1017,Player_1,ATK,Death,777.4,704.68
10,1018,Player_9,DEF,Utility,483.0,525.0
10,1018,Player_10,DEF,Move,289.12,133.97
10,1018,Player_9,DEF,Move,555.0,704.0
10,1018,Player_2,ATK,Utility,697.0,105.0
10,1018,Player_1,ATK,Utility,357.01,302.06
10,1018,Player_9,DEF,Kill,488.86,476.32
10,1018,Player_9,DEF,Utility,712.0,945.0
10,1019,Player_4,ATK,Move,849.83,671.79
10,1019,Player_2,ATK,Utility,241.0,157.0
10,1019,Player_8,DEF,Utility,807.6,732.43
10,1019,Player_10,DEF,Move,766.3,823.86
10,1019,Player_10,DEF,Move,843.57,726.71
10,1019,Player_9,DEF,Move,487.0,313.0
10,1020,Player_2,ATK,Death,804.9,827.33
10,1020,Player_7,DEF,Kill,474.18,450.49
10,1020,Player_2,ATK,Kill,95.13,214.0
10,1021,Player_9,DEF,Move,573.53,568.1
10,1021,Player_6,DEF,Death,722.1,717.37
10,1021,Player_10,DEF,Move,221.49,326.78
10,1021,Player_8,DEF,Kill,255.74,179.66
10,1021,Player_10,DEF,Move,297.96,301.29
10,1021,Player_3,ATK,Kill,174.85,277.57
10,1021,Player_10,DEF,Move,533.68,424.26
10,1021,Player_3,ATK,Kill,416.93,593.36
10,1022,Player_4,ATK,Move,847.17,711.79
10,1022,Player_10,DEF,Death,429.38,480.36
10,1022,Player_2,ATK,Kill,549.58,464.77
10,1022,Player_6,DEF,Utility,926.0,841.0
10,1022,Player_10,DEF,Utility,818.0,201.0
10,1022,Player_9,DEF,Death,112.21,189.86
10,1022,Player_6,DEF,Kill,179.36,246.13
10,1022,Player_8,DEF,Utility,759.58,647.13
10,1022,Player_5,ATK,Utility,493.35,604.22
10,1022,Player_10,DEF,Death,797.46,824.71
10,1023,Player_4,ATK,Utility,92.4,301.87
10,1023,Player_6,DEF,Utility,372.99,359.09
10,1023,Player_3,ATK,Utility,284.32,221.49
10,1023,Player_6,DEF,Utility,481.99,629.88
10,1023,Player_3,ATK,Utility,444.97,576.29
10,1024,Player_4,ATK,Utility,339.46,401.75
10,1024,Player_3,ATK,Kill,193.54,231.71
10,1024,Player_7,DEF,Utility,393.54,502.43
10,1024,Player_2,ATK,Death,174.97,228.08
10,1024,Player_4,ATK,Kill,434.73,542.72
10,1025,Player_5,ATK,Utility,333.74,376.52
10,1025,Player_9,DEF,Death,860.59,831.54
10,1025,Player_7,DEF,Kill,491.48,414.22
10,1025,Player_4,ATK,Move,719.48,564.97
10,1025,Player_6,DEF,Death,186.68,231.94
10,1025,Player_8,DEF,Utility,98.0,303.0
10,1025,Player_5,ATK,Move,480.12,517.63
10,1025,Player_10,DEF,Utility,881.32,834.91
10,1025,Player_1,ATK,Death,156.22,198.71
10,1025,Player_1,ATK,Utility,775.0,280.0
10,1026,Player_6,DEF,Move,492.42,367.09
10,1026,Player_5,ATK,Move,553.82,530.97
10,1026,Player_7,DEF,Kill,123.49,177.49
10,1026,Player_8,DEF,Kill,219.46,107.55
10,1026,Player_10,DEF,Move,463.72,437.1
10,1026,Player_8,DEF,Utility,451.97,481.16
10,1027,Player_6,DEF,Utility,273.17,219.48
10,1027,Player_4,ATK,Utility,573.0,949.0
10,1027,Player_1,ATK,Utility,931.72,902.39
10,1027,Player_9,DEF,Death,475.14,450.86
10,1027,Player_10,DEF,Death,760.27,830.39
10,1027,Player_10,DEF,Utility,243.0,792.0
10,1027,Player_3,ATK,Move,659.99,567.44
10,1028,Player_2,ATK,Utility,300.63,319.18
10,1028,Player_9,DEF,Death,825.36,799.84
10,1028,Player_9,DEF,Move,711.52,706.45
10,1029,Player_8,DEF,Kill,502.02,546.53
10,1029,Player_2,ATK,Move,602.0,413.0
10,1029,Player_3,ATK,Move,585.0,208.0
10,1029,Player_6,DEF,Utility,281.03,387.15
10,1029,Player_8,DEF,Kill,440.75,457.67
10,1029,Player_5,ATK,Utility,591.0,373.0
10,1029,Player_8,DEF,Utility,432.0,550.0
10,1029,Player_6,DEF,Death,259.46,301.25
10,1029,Player_3,ATK,Utility,86.23,324.87
10,1030,Player_8,DEF,Death,193.39,262.96
10,1030,Player_4,ATK,Utility,175.91,107.74
10,1030,Player_3,ATK,Move,444.0,343.0
10,1030,Player_10,DEF,Move,647.0,750.0
10,1031,Player_10,DEF,Utility,448.94,384.95
10,1031,Player_8,DEF,Utility,902.04,785.32
10,1031,Player_1,ATK,Utility,391.42,490.03
10,1031,Player_1,ATK,Move,150.0,179.0
10,1031,Player_6,DEF,Kill,742.56,781.29
10,1032,Player_8,DEF,Kill,217.19,214.18
10,1032,Player_8,DEF,Utility,620.0,552.0
10,1032,Player_2,ATK,Move,187.66,305.96
10,1032,Player_1,ATK,Move,130.43,293.11
10,1032,Player_4,ATK,Move,288.0,312.0
10,1032,Player_9,DEF,Kill,157.53,208.87
10,1033,Player_7,DEF,Kill,181.77,251.91
10,1034,Player_2,ATK,Utility,784.69,737.02
10,1034,Player_10,DEF,Kill,158.53,177.27
10,1034,Player_6,DEF,Utility,649.56,566.65
10,1034,Player_2,ATK,Kill,461.06,515.54
10,1034,Player_9,DEF,Utility,303.92,468.13
10,1034,Player_3,ATK,Utility,49.0,81.0
10,1035,Player_6,DEF,Utility,606.0,314.0
10,1035,Player_2,ATK,Kill,500.42,561.65
10,1035,Player_8,DEF,Kill,235.66,253.88
10,1035,Player_4,ATK,Move,262.38,207.23
10,1036,Player_3,ATK,Death,554.47,545.85
10,1036,Player_2,ATK,Kill,761.65,797.5
10,1036,Player_7,DEF,Move,802.0,63.0
10,1036,Player_6,DEF,Kill,189.44,209.83
10,1036,Player_3,ATK,Move,900.0,900.0
10,1037,Player_6,DEF,Kill,678.91,782.06
10,1037,Player_9,DEF,Utility,693.38,687.8
10,1037,Player_3,ATK,Death,742.81,783.89
10,1037,Player_7,DEF,Death,225.36,258.87
10,1037,Player_9,DEF,Move,476.0,776.0
10,1037,Player_8,DEF,Kill,252.25,309.3
10,1037,Player_1,ATK,Utility,553.88,506.58
10,1037,Player_10,DEF,Death,851.42,845.89
10,1037,Player_7,DEF,Death,185.75,184.23
10,1037,Player_9,DEF,Kill,429.47,545.31
10,1037,Player_3,ATK,Death,591.33,449.91
10,1037,Player_6,DEF,Kill,824.4,685.17
10,1037,Player_6,DEF,Move,538.65,431.79
10,1038,Player_3,ATK,Move,187.0,892.0
10,1038,Player_7,DEF,Utility,177.69,236.64
10,1038,Player_6,DEF,Kill,793.99,794.35
10,1038,Player_9,DEF,Kill,131.52,139.05
10,1039,Player_4,ATK,Kill,513.8,526.39
10,1039,Player_3,ATK,Death,825.75,720.4
10,1039,Player_6,DEF,Death,780.58,893.06
10,1039,Player_5,ATK,Utility,864.02,838.71
10,1039,Player_3,ATK,Utility,746.38,689.09
10,1039,Player_10,DEF,Utility,198.61,125.39
10,1040,Player_7,DEF,Death,518.51,526.65
10,1040,Player_7,DEF,Utility,364.65,513.99
10,1040,Player_8,DEF,Utility,659.92,637.34
10,1040,Player_4,ATK,Death,731.14,799.25
10,1040,Player_2,ATK,Utility,460.34,538.3
10,1041,Player_3,ATK,Death,480.08,464.86
10,1041,Player_3,ATK,Kill,558.46,504.66
10,1041,Player_3,ATK,Move,466.7,400.28
10,1041,Player_7,DEF,Utility,50.0,801.0
10,1041,Player_9,DEF,Kill,222.07,172.53
10,1041,Player_8,DEF,Death,827.91,762.81
10,1041,Player_3,ATK,Move,231.0,574.0
10,1041,Player_3,ATK,Death,775.33,835.47
10,1041,Player_4,ATK,Death,134.34,124.43
10,1042,Player_7,DEF,Utility,421.54,605.32
10,1042,Player_10,DEF,Death,903.4,738.05
10,1042,Player_3,ATK,Kill,201.05,216.56
10,1042,Player_3,ATK,Move,369.0,4.0
10,1042,Player_7,DEF,Move,659.6,643.06
10,1042,Player_2,ATK,Death,527.85,471.07
10,1042,Player_2,ATK,Death,182.96,248.03
10,1043,Player_4,ATK,Kill,126.27,132.27
10,1043,Player_3,ATK,Kill,498.55,427.03
10,1043,Player_1,ATK,Kill,696.77,800.39
10,1043,Player_5,ATK,Utility,336.0,619.0
10,1044,Player_1,ATK,Utility,489.47,702.15
10,1044,Player_6,DEF,Kill,779.59,790.67
10,1044,Player_2,ATK,Move,400.55,464.62
10,1044,Player_3,ATK,Utility,300.85,417.93
10,1044,Player_10,DEF,Move,669.07,524.93
10,1045,Player_5,ATK,Death,703.54,837.74
10,1045,Player_4,ATK,Death,476.47,538.73
10,1045,Player_5,ATK,Kill,161.32,285.48
10,1045,Player_10,DEF,Move,489.0,624.0
10,1046,Player_6,DEF,Kill,477.28,527.61
10,1046,Player_2,ATK,Move,417.05,490.02
10,1046,Player_4,ATK,Death,244.81,282.55
10,1046,Player_1,ATK,Kill,852.74,702.67
10,1046,Player_9,DEF,Utility,527.03,436.79
10,1046,Player_1,ATK,Kill,296.1,215.58
10,1046,Player_10,DEF,Kill,231.95,192.39
10,1046,Player_8,DEF,Utility,692.17,478.43
10,1046,Player_1,ATK,Death,181.17,213.59
10,1047,Player_6,DEF,Move,277.39,263.83
10,1047,Player_8,DEF,Kill,924.51,777.98
10,1047,Player_4,ATK,Move,894.13,846.15
10,1047,Player_8,DEF,Utility,431.72,587.3
10,1047,Player_6,DEF,Move,738.04,751.56
10,1048,Player_10,DEF,Move,467.42,492.9
10,1049,Player_7,DEF,Move,604.14,518.26
10,1049,Player_2,ATK,Utility,451.0,401.0
10,1050,Player_1,ATK,Move,351.64,445.41
10,1050,Player_10,DEF,Kill,463.27,477.31
10,1050,Player_3,ATK,Utility,651.97,995.33
10,1050,Player_6,DEF,Kill,809.2,798.4
10,1050,Player_10,DEF,Kill,837.67,757.01
10,1051,Player_9,DEF,Death,779.19,809.7
10,1051,Player_4,ATK,Kill,478.08,600.36
10,1051,Player_7,DEF,Move,322.03,452.58
10,1052,Player_5,ATK,Move,695.44,576.75
10,1052,Player_7,DEF,Move,212.88,433.63
10,1052,Player_1,ATK,Kill,872.64,828.96
10,1052,Player_5,ATK,Death,228.85,243.84
10,1053,Player_7,DEF,Kill,475.46,531.28
10,1053,Player_3,ATK,Move,140.02,161.51
10,1053,Player_8,DEF,Utility,337.31,361.39
10,1053,Player_3,ATK,Kill,512.61,421.54
10,1053,Player_7,DEF,Move,721.48,798.21
10,1054,Player_9,DEF,Utility,578.0,386.0
10,1054,Player_2,ATK,Kill,801.42,886.25
10,1054,Player_7,DEF,Death,207.74,222.58
10,1054,Player_1,ATK,Kill,165.03,138.78
10,1054,Player_4,ATK,Utility,536.28,500.16
10,1054,Player_4,ATK,Utility,778.89,788.13
10,1056,Player_7,DEF,Kill,615.52,532.61
10,1056,Player_7,DEF,Move,149.1,494.67
10,1056,Player_7,DEF,Kill,609.98,467.55
10,1056,Player_8,DEF,Death,862.86,719.97
10,1057,Player_1,ATK,Move,262.83,412.43
10,1057,Player_2,ATK,Move,662.96,464.71
10,1057,Player_3,ATK,Death,508.38,546.68
10,1057,Player_10,DEF,Utility,688.2,738.23
10,1057,Player_7,DEF,Death,713.01,868.96
10,1058,Player_4,ATK,Move,750.66,764.17
10,1058,Player_1,ATK,Utility,534.37,354.84
10,1058,Player_6,DEF,Utility,109.0,89.0
10,1059,Player_6,DEF,Kill,244.74,265.34
10,1059,Player_4,ATK,Death,728.77,736.97
10,1059,Player_5,ATK,Utility,368.96,336.02
10,1059,Player_10,DEF,Death,227.9,177.42
10,1059,Player_10,DEF,Kill,540.37,462.59
10,1059,Player_3,ATK,Utility,481.39,437.28
10,1059,Player_1,ATK,Move,414.2,568.04
10,1060,Player_6,DEF,Death,611.23,544.41
10,1060,Player_5,ATK,Death,553.39,528.03
10,1060,Player_1,ATK,Kill,775.98,815.21
10,1061,Player_6,DEF,Move,623.68,655.83
10,1061,Player_2,ATK,Utility,552.97,487.94
10,1061,Player_2,ATK,Move,857.91,901.05
10,1062,Player_10,DEF,Kill,171.2,191.74
10,1062,Player_2,ATK,Utility,743.66,538.54
10,1062,Player_4,ATK,Move,477.0,953.0
10,1062,Player_6,DEF,Death,168.71,201.89
10,1062,Player_2,ATK,Move,658.11,579.89
10,1063,Player_10,DEF,Kill,764.93,754.31
10,1063,Player_8,DEF,Move,153.52,127.21
10,1063,Player_4,ATK,Death,202.51,144.36
10,1063,Player_2,ATK,Kill,471.87,514.27
10,1064,Player_7,DEF,Death,794.6,753.16
10,1064,Player_10,DEF,Utility,767.72,825.43
10,1064,Player_1,ATK,Kill,146.07,101.68
10,1064,Player_3,ATK,Utility,134.91,196.17
10,1064,Player_6,DEF,Kill,618.66,509.07
10,1064,Player_10,DEF,Utility,333.0,534.0
10,1064,Player_5,ATK,Utility,742.91,732.16
10,1064,Player_8,DEF,Kill,631.54,804.93
10,1065,Player_4,ATK,Move,625.22,663.09
10,1065,Player_2,ATK,Kill,733.44,800.34
10,1065,Player_4,ATK,Kill,533.38,567.64
10,1066,Player_1,ATK,Kill,330.88,168.37
10,1066,Player_7,DEF,Kill,538.51,439.9
10,1066,Player_1,ATK,Death,268.42,157.7
10,1066,Player_10,DEF,Utility,637.68,530.21
10,1066,Player_1,ATK,Utility,559.0,251.0
10,1066,Player_4,ATK,Kill,547.74,539.16
10,1066,Player_6,DEF,Death,173.34,208.14
10,1067,Player_1,ATK,Kill,208.02,196.25
10,1067,Player_8,DEF,Death,750.74,849.05
10,1067,Player_5,ATK,Death,495.76,544.93
10,1067,Player_1,ATK,Move,130.0,938.0
10,1068,Player_4,ATK,Death,167.75,163.06
10,1068,Player_3,ATK,Move,862.94,730.1
10,1068,Player_8,DEF,Death,183.71,210.85
10,1068,Player_4,ATK,Death,486.29,538.62
10,1068,Player_6,DEF,Move,213.89,289.14
10,1069,Player_10,DEF,Kill,203.72,239.83
10,1069,Player_9,DEF,Kill,829.09,852.79
10,1069,Player_3,ATK,Kill,799.9,809.82
10,1069,Player_5,ATK,Utility,399.0,979.0
10,1069,Player_5,ATK,Utility,130.56,106.53
10,1069,Player_4,ATK,Kill,759.81,763.57
10,1070,Player_1,ATK,Kill,164.43,209.1
10,1070,Player_8,DEF,Utility,286.12,238.11
10,1070,Player_4,ATK,Death,744.58,764.35
10,1070,Player_8,DEF,Death,572.54,515.16
10,1071,Player_5,ATK,Death,799.57,722.09
10,1071,Player_2,ATK,Kill,215.3,268.12
10,1072,Player_7,DEF,Utility,432.0,539.0
10,1072,Player_6,DEF,Utility,595.62,445.4
10,1072,Player_1,ATK,Utility,33.0,928.0
10,1072,Player_1,ATK,Death,502.88,493.04
10,1072,Player_9,DEF,Death,220.88,204.83
10,1072,Player_10,DEF,Death,808.15,772.58
10,1073,Player_10,DEF,Kill,840.23,792.17
10,1073,Player_7,DEF,Death,307.02,143.29
10,1074,Player_3,ATK,Death,838.92,774.79
10,1075,Player_6,DEF,Kill,126.84,230.23
10,1075,Player_4,ATK,Kill,438.57,446.37
10,1075,Player_10,DEF,Move,148.0,744.0
10,1075,Player_8,DEF,Death,168.45,238.72
10,1075,Player_4,ATK,Move,707.07,637.3
10,1075,Player_5,ATK,Utility,421.6,596.83
10,1075,Player_8,DEF,Utility,325.68,354.17
10,1075,Player_4,ATK,Utility,17.0,878.0
10,1076,Player_9,DEF,Kill,870.75,720.74
10,1077,Player_10,DEF,Kill,818.4,844.27
10,1077,Player_2,ATK,Move,228.41,275.96
10,1077,Player_2,ATK,Utility,441.31,580.25
10,1078,Player_3,ATK,Utility,632.92,678.65
10,1078,Player_9,DEF,Move,649.0,529.0
10,1078,Player_4,ATK,Death,528.85,473.31
10,1078,Player_1,ATK,Move,611.63,598.56
10,1078,Player_7,DEF,Move,394.72,525.32
10,1079,Player_10,DEF,Kill,465.21,469.48
10,1079,Player_10,DEF,Kill,168.32,208.75
10,1079,Player_4,ATK,Move,520.74,386.26
10,1079,Player_10,DEF,Death,757.58,839.24
10,1079,Player_10,DEF,Death,738.09,776.82
10,1079,Player_6,DEF,Utility,201.46,489.51
10,1079,Player_3,ATK,Death,190.86,169.74
10,1079,Player_2,ATK,Utility,616.83,642.54
10,1079,Player_8,DEF,Move,172.31,198.59
10,1080,Player_2,ATK,Move,836.0,444.0
10,1080,Player_3,ATK,Death,200.54,174.14
10,1080,Player_1,ATK,Kill,465.88,511.94
10,1080,Player_7,DEF,Kill,842.74,769.74
10,1080,Player_1,ATK,Kill,289.85,184.63
10,1080,Player_2,ATK,Move,387.96,444.31
10,1081,Player_5,ATK,Utility,9.0,843.0
10,1081,Player_1,ATK,Utility,310.84,419.38
10,1081,Player_5,ATK,Utility,815.0,779.0
10,1083,Player_6,DEF,Death,464.34,583.87
10,1083,Player_9,DEF,Move,577.94,554.37
10,1083,Player_5,ATK,Move,706.96,794.76
10,1083,Player_3,ATK,Move,667.78,656.82
10,1083,Player_10,DEF,Move,638.01,553.62
10,1083,Player_2,ATK,Death,525.35,420.08
10,1084,Player_4,ATK,Move,682.08,612.2
10,1084,Player_8,DEF,Kill,783.03,734.21
10,1084,Player_10,DEF,Death,185.5,287.17
10,1084,Player_2,ATK,Utility,145.0,888.0
10,1084,Player_1,ATK,Move,714.59,686.95
10,1084,Player_4,ATK,Kill,244.44,243.63
10,1085,Player_4,ATK,Death,229.57,149.03
10,1085,Player_9,DEF,Move,331.53,540.84
10,1085,Player_10,DEF,Move,748.69,859.49
10,1085,Player_6,DEF,Move,329.51,515.23
10,1085,Player_1,ATK,Move,679.0,761.0
10,1085,Player_5,ATK,Utility,262.22,159.81
10,1086,Player_5,ATK,Death,765.93,742.55
10,1086,Player_8,DEF,Death,755.0,693.1
10,1086,Player_7,DEF,Death,157.94,183.71
10,1087,Player_3,ATK,Death,509.72,489.65
10,1087,Player_8,DEF,Kill,892.51,860.45
10,1087,Player_1,ATK,Death,841.61,788.84
10,1087,Player_6,DEF,Utility,913.75,892.75
10,1087,Player_10,DEF,Utility,201.43,124.31
10,1087,Player_2,ATK,Kill,159.66,246.72
10,1087,Player_3,ATK,Kill,190.87,215.35
10,1087,Player_8,DEF,Death,794.54,694.78
10,1088,Player_4,ATK,Kill,484.9,493.38
10,1088,Player_1,ATK,Kill,542.04,514.4
10,1088,Player_2,ATK,Kill,834.88,802.4
10,1088,Player_5,ATK,Kill,189.22,165.91
10,1088,Player_5,ATK,Move,113.0,890.0
10,1089,Player_7,DEF,Kill,801.77,769.56
10,1089,Player_4,ATK,Death,745.69,720.11
10,1089,Player_9,DEF,Utility,289.55,414.22
10,1089,Player_7,DEF,Death,150.19,203.56
10,1090,Player_3,ATK,Kill,167.43,227.08
10,1090,Player_6,DEF,Death,518.36,534.82
10,1090,Player_7,DEF,Death,391.44,596.8
10,1090,Player_5,ATK,Death,438.03,465.66
10,1090,Player_3,ATK,Utility,661.0,445.0
10,1090,Player_1,ATK,Utility,681.89,789.24
10,1091,Player_3,ATK,Kill,183.78,241.86
10,1091,Player_10,DEF,Kill,834.04,789.28
10,1091,Player_3,ATK,Death,561.96,477.08
10,1091,Player_1,ATK,Utility,338.83,93.34
10,1091,Player_6,DEF,Move,840.47,816.64
10,1091,Player_5,ATK,Death,452.16,524.34
10,1091,Player_7,DEF,Move,893.53,754.41
10,1091,Player_7,DEF,Utility,573.16,577.46
10,1092,Player_7,DEF,Utility,606.58,520.77
10,1092,Player_10,DEF,Move,693.18,862.44
10,1092,Player_9,DEF,Utility,850.89,775.23
10,1092,Player_3,ATK,Death,787.68,839.71
10,1092,Player_10,DEF,Death,609.33,531.92
10,1093,Player_1,ATK,Kill,429.62,582.82
10,1093,Player_3,ATK,Move,218.52,320.63
10,1093,Player_2,ATK,Death,291.8,161.59
10,1093,Player_5,ATK,Death,167.34,242.19
10,1093,Player_4,ATK,Kill,485.64,530.48
10,1093,Player_7,DEF,Move,708.0,343.0
10,1093,Player_8,DEF,Death,804.24,772.13
10,1093,Player_1,ATK,Utility,124.25,395.47
10,1093,Player_5,ATK,Death,556.92,439.56
10,1094,Player_6,DEF,Death,474.54,417.73
10,1094,Player_7,DEF,Move,38.0,316.0
10,1094,Player_9,DEF,Kill,833.79,756.14
10,1094,Player_3,ATK,Utility,872.43,818.85
10,1095,Player_3,ATK,Move,154.01,176.38
10,1095,Player_1,ATK,Move,453.8,430.42
10,1095,Player_8,DEF,Kill,783.81,859.19
10,1095,Player_5,ATK,Utility,777.0,714.0
10,1095,Player_9,DEF,Utility,527.0,647.0
10,1095,Player_7,DEF,Move,308.0,325.0
10,1095,Player_6,DEF,Kill,404.68,540.55
10,1095,Player_3,ATK,Death,557.26,514.9
10,1095,Player_1,ATK,Kill,807.21,829.59
10,1096,Player_3,ATK,Utility,707.07,660.44
10,1096,Player_6,DEF,Move,985.0,957.0
10,1096,Player_1,ATK,Move,216.0,964.0
10,1096,Player_4,ATK,Kill,212.74,211.74
10,1096,Player_8,DEF,Utility,428.0,812.0
10,1097,Player_6,DEF,Death,783.88,784.88
10,1097,Player_8,DEF,Move,310.38,156.56
10,1097,Player_2,ATK,Death,807.88,729.87
10,1097,Player_7,DEF,Kill,518.89,486.22
10,1097,Player_7,DEF,Move,839.39,658.92
10,1098,Player_1,ATK,Death,510.99,568.2
10,1098,Player_8,DEF,Utility,620.36,625.87
10,1098,Player_2,ATK,Move,773.21,967.92
10,1098,Player_10,DEF,Move,523.85,549.09
10,1099,Player_3,ATK,Death,414.92,451.78
10,1099,Player_10,DEF,Move,374.76,483.44
11,1100,Player_9,DEF,Death,498.32,458.18
11,1100,Player_7,DEF,Death,529.49,498.28
11,1100,Player_4,ATK,Utility,296.66,331.98
11,1100,Player_3,ATK,Move,342.8,502.85
11,1100,Player_10,DEF,Death,539.07,522.67
11,1100,Player_5,ATK,Death,473.39,526.33
11,1100,Player_2,ATK,Utility,443.0,475.0
11,1101,Player_6,DEF,Utility,594.81,537.83
11,1101,Player_8,DEF,Death,724.48,763.47
11,1101,Player_8,DEF,Kill,520.06,555.22
11,1101,Player_4,ATK,Utility,534.49,555.34
11,1101,Player_5,ATK,Move,352.86,374.17
11,1101,Player_7,DEF,Death,513.79,587.89
11,1102,Player_6,DEF,Move,765.24,827.72
11,1102,Player_9,DEF,Kill,428.65,513.75
11,1102,Player_6,DEF,Kill,336.19,147.17
11,1102,Player_1,ATK,Move,447.65,554.75
11,1103,Player_8,DEF,Death,503.98,539.66
11,1103,Player_1,ATK,Death,165.52,267.16
11,1103,Player_5,ATK,Utility,674.41,549.02
11,1103,Player_2,ATK,Death,479.59,502.36
11,1104,Player_10,DEF,Death,261.18,210.52
11,1104,Player_4,ATK,Kill,870.03,805.42
11,1104,Player_7,DEF,Death,818.52,870.69
11,1104,Player_9,DEF,Kill,156.46,278.82
11,1104,Player_8,DEF,Utility,455.64,538.97
11,1104,Player_8,DEF,Death,496.95,538.87
11,1104,Player_2,ATK,Utility,457.22,444.77
11,1105,Player_3,ATK,Kill,807.38,806.39
11,1105,Player_7,DEF,Kill,144.62,158.51
11,1105,Player_3,ATK,Kill,443.54,515.42
11,1105,Player_6,DEF,Kill,516.63,485.98
11,1105,Player_2,ATK,Utility,790.84,744.94
11,1105,Player_6,DEF,Kill,748.36,839.56
11,1106,Player_8,DEF,Utility,432.48,380.8
11,1106,Player_10,DEF,Move,419.72,552.75
11,1106,Player_6,DEF,Death,166.38,157.28
11,1106,Player_4,ATK,Move,413.0,452.0
11,1106,Player_8,DEF,Kill,222.9,278.28
11,1106,Player_9,DEF,Death,461.82,466.7
11,1106,Player_8,DEF,Kill,793.89,721.93
11,1106,Player_10,DEF,Kill,782.27,856.78
11,1106,Player_3,ATK,Death,786.61,707.01
11,1107,Player_8,DEF,Kill,451.05,495.87
11,1107,Player_10,DEF,Kill,829.75,802.86
11,1107,Player_4,ATK,Death,151.87,233.54
11,1107,Player_6,DEF,Death,821.56,796.55
11,1107,Player_1,ATK,Move,177.0,379.0
11,1107,Player_10,DEF,Utility,496.38,480.27
11,1107,Player_6,DEF,Death,500.36,500.08
11,1107,Player_8,DEF,Kill,589.9,415.78
11,1107,Player_9,DEF,Utility,761.28,821.64
11,1108,Player_6,DEF,Utility,561.37,393.31
11,1108,Player_5,ATK,Utility,392.29,333.81
11,1108,Player_7,DEF,Move,786.0,84.0
11,1108,Player_7,DEF,Utility,353.0,640.0
11,1108,Player_8,DEF,Utility,765.44,890.37
11,1109,Player_5,ATK,Move,566.34,469.01
11,1109,Player_10,DEF,Utility,305.85,357.08
11,1109,Player_7,DEF,Kill,804.75,774.92
11,1109,Player_6,DEF,Utility,333.51,338.84
11,1109,Player_2,ATK,Death,539.76,456.91
11,1109,Player_3,ATK,Kill,390.29,556.56
11,1109,Player_10,DEF,Move,857.17,789.48
11,1110,Player_10,DEF,Kill,769.06,785.27
11,1110,Player_8,DEF,Move,373.93,355.5
11,1111,Player_4,ATK,Kill,243.08,181.77
11,1111,Player_8,DEF,Kill,203.63,183.85
11,1111,Player_3,ATK,Death,511.08,491.03
11,1111,Player_10,DEF,Death,497.22,471.57
11,1111,Player_1,ATK,Utility,120.16,185.23
11,1111,Player_8,DEF,Move,696.06,750.03
11,1111,Player_6,DEF,Move,204.02,290.08
11,1111,Player_2,ATK,Death,172.23,149.07
11,1112,Player_3,ATK,Move,184.95,210.44
11,1112,Player_7,DEF,Utility,150.0,340.0
11,1112,Player_7,DEF,Move,337.0,581.0
11,1112,Player_2,ATK,Kill,534.39,496.81
11,1112,Player_2,ATK,Utility,709.89,626.49
11,1112,Player_8,DEF,Death,818.09,855.79
11,1113,Player_9,DEF,Death,506.64,475.22
11,1113,Player_9,DEF,Kill,492.05,603.88
11,1113,Player_5,ATK,Move,995.0,662.0
11,1113,Player_3,ATK,Kill,493.78,482.34
11,1113,Player_4,ATK,Utility,511.84,381.66
11,1114,Player_4,ATK,Kill,420.16,510.48
11,1115,Player_6,DEF,Kill,183.18,187.3
11,1115,Player_9,DEF,Move,570.12,704.22
11,1115,Player_4,ATK,Death,115.4,213.93
11,1115,Player_6,DEF,Death,477.89,460.02
11,1115,Player_2,ATK,Utility,654.2,431.33
11,1116,Player_10,DEF,Death,578.23,444.72
11,1116,Player_6,DEF,Death,498.9,492.92
11,1116,Player_6,DEF,Utility,444.0,807.0
11,1116,Player_4,ATK,Kill,601.03,469.28
11,1116,Player_3,ATK,Kill,172.35,196.91
11,1116,Player_3,ATK,Move,6.0,709.0
11,1117,Player_8,DEF,Kill,234.61,258.11
11,1117,Player_6,DEF,Kill,817.17,765.15
11,1118,Player_3,ATK,Kill,454.51,521.55
11,1118,Player_1,ATK,Utility,760.62,812.07
11,1118,Player_3,ATK,Kill,850.53,876.09
11,1118,Player_8,DEF,Death,193.16,316.4
11,1118,Player_6,DEF,Move,295.51,432.5
11,1118,Player_9,DEF,Move,366.0,40.0
11,1119,Player_1,ATK,Utility,536.52,445.35
11,1119,Player_6,DEF,Death,180.07,207.51
11,1119,Player_8,DEF,Utility,883.0,772.0
11,1119,Player_3,ATK,Kill,209.43,102.8
11,1120,Player_4,ATK,Move,602.79,461.83
11,1120,Player_10,DEF,Kill,177.03,273.65
11,1120,Player_8,DEF,Death,502.85,525.17
11,1120,Player_8,DEF,Utility,769.0,436.0
11,1120,Player_3,ATK,Utility,374.53,435.41
11,1120,Player_1,ATK,Utility,177.89,324.35
11,1121,Player_1,ATK,Death,493.93,449.75
11,1121,Player_1,ATK,Death,750.44,884.91
11,1121,Player_2,ATK,Death,179.96,166.1
11,1122,Player_7,DEF,Death,228.3,256.33
11,1122,Player_9,DEF,Death,92.38,116.44
11,1122,Player_2,ATK,Death,498.93,506.67
11,1122,Player_6,DEF,Utility,85.0,381.0
11,1122,Player_10,DEF,Kill,152.06,189.23
11,1122,Player_4,ATK,Kill,426.35,584.62
11,1122,Player_10,DEF,Move,719.28,720.0
11,1123,Player_1,ATK,Move,350.0,35.0
11,1123,Player_10,DEF,Move,798.91,822.78
11,1123,Player_7,DEF,Kill,535.12,469.88
11,1123,Player_8,DEF,Death,813.94,870.03
11,1124,Player_1,ATK,Utility,708.0,247.0
11,1124,Player_7,DEF,Utility,193.0,916.0
11,1124,Player_9,DEF,Utility,449.0,589.0
11,1125,Player_1,ATK,Death,536.06,547.89
11,1125,Player_8,DEF,Utility,230.93,545.5
11,1125,Player_2,ATK,Move,835.01,882.75
11,1125,Player_6,DEF,Kill,805.92,805.54
11,1126,Player_5,ATK,Move,42.0,451.0
11,1126,Player_5,ATK,Kill,509.64,392.6
11,1126,Player_4,ATK,Death,460.63,521.2
11,1126,Player_7,DEF,Move,266.66,370.34
11,1126,Player_2,ATK,Death,819.28,814.3
11,1126,Player_10,DEF,Utility,589.6,626.58
11,1127,Player_6,DEF,Move,792.34,910.55
11,1127,Player_2,ATK,Kill,776.02,746.19
11,1127,Player_4,ATK,Move,916.29,662.08
11,1127,Player_8,DEF,Death,524.16,493.01
11,1127,Player_9,DEF,Kill,571.18,481.33
11,1127,Player_5,ATK,Kill,482.27,503.01
11,1128,Player_8,DEF,Death,790.61,813.56
11,1128,Player_1,ATK,Death,441.72,470.63
11,1128,Player_9,DEF,Move,304.26,400.49
11,1128,Player_4,ATK,Move,697.98,557.09
11,1130,Player_4,ATK,Death,536.6,483.96
11,1131,Player_2,ATK,Death,757.51,708.83
11,1131,Player_8,DEF,Death,514.33,547.56
11,1131,Player_6,DEF,Utility,459.59,481.83
11,1131,Player_3,ATK,Move,964.0,412.0
11,1131,Player_1,ATK,Kill,626.26,404.12
11,1131,Player_4,ATK,Utility,681.53,570.99
11,1131,Player_6,DEF,Utility,114.49,48.91
11,1131,Player_8,DEF,Move,600.0,232.0
11,1131,Player_7,DEF,Move,507.61,487.73
11,1133,Player_1,ATK,Move,950.0,277.0
11,1133,Player_6,DEF,Utility,116.0,567.0
11,1133,Player_6,DEF,Utility,410.82,451.21
11,1133,Player_6,DEF,Utility,369.0,540.0
11,1134,Player_6,DEF,Kill,382.26,500.51
11,1134,Player_9,DEF,Death,167.28,248.48
11,1134,Player_6,DEF,Kill,907.52,780.06
11,1134,Player_7,DEF,Kill,804.6,810.34
11,1135,Player_9,DEF,Utility,202.75,172.38
11,1135,Player_10,DEF,Move,322.59,459.62
11,1135,Player_5,ATK,Utility,488.9,460.94
11,1135,Player_7,DEF,Utility,605.85,691.02
11,1136,Player_2,ATK,Utility,242.9,246.34
11,1136,Player_9,DEF,Death,762.93,848.41
11,1136,Player_5,ATK,Death,447.19,609.73
11,1136,Player_2,ATK,Utility,603.25,532.82
11,1136,Player_9,DEF,Death,509.55,473.02
11,1136,Player_4,ATK,Death,517.58,511.33
11,1136,Player_10,DEF,Kill,392.5,492.05
11,1136,Player_6,DEF,Move,297.75,404.81
11,1136,Player_6,DEF,Move,400.9,620.59
11,1136,Player_4,ATK,Move,829.0,598.0
11,1137,Player_10,DEF,Move,427.2,398.21
11,1137,Player_5,ATK,Move,252.68,214.81
11,1137,Player_9,DEF,Death,237.6,147.11
11,1137,Player_5,ATK,Death,822.94,778.1
11,1138,Player_10,DEF,Move,894.31,834.99
11,1138,Player_7,DEF,Kill,522.48,510.48
11,1138,Player_5,ATK,Utility,452.6,431.21
11,1138,Player_3,ATK,Move,812.97,812.22
11,1140,Player_9,DEF,Kill,516.65,520.66
11,1140,Player_6,DEF,Kill,493.72,546.55
11,1140,Player_3,ATK,Utility,436.0,594.0
11,1140,Player_7,DEF,Death,119.92,183.79
11,1140,Player_6,DEF,Utility,391.61,346.86
11,1140,Player_2,ATK,Utility,822.66,754.57
11,1140,Player_7,DEF,Move,744.28,901.74
11,1140,Player_10,DEF,Kill,798.99,792.86
11,1140,Player_7,DEF,Utility,449.86,271.17
11,1141,Player_3,ATK,Kill,472.0,471.83
11,1141,Player_8,DEF,Death,830.11,788.96
11,1141,Player_3,ATK,Death,554.08,503.17
11,1142,Player_1,ATK,Death,809.71,742.49
11,1142,Player_1,ATK,Move,197.13,256.96
11,1142,Player_9,DEF,Utility,358.12,389.41
11,1142,Player_8,DEF,Kill,487.74,468.54
11,1142,Player_3,ATK,Kill,146.37,115.74
11,1143,Player_1,ATK,Move,866.0,406.0
11,1143,Player_7,DEF,Utility,464.91,525.12
11,1143,Player_10,DEF,Move,589.24,561.12
11,1143,Player_10,DEF,Death,811.1,716.39
11,1143,Player_9,DEF,Death,764.44,843.51
11,1143,Player_7,DEF,Death,791.89,792.89
11,1144,Player_4,ATK,Kill,771.4,803.02
11,1144,Player_6,DEF,Death,560.48,433.47
11,1144,Player_8,DEF,Move,648.95,618.42
11,1144,Player_1,ATK,Utility,933.0,95.0
11,1145,Player_7,DEF,Death,272.88,127.38
11,1145,Player_1,ATK,Move,759.34,697.54
11,1145,Player_5,ATK,Death,176.93,231.25
11,1146,Player_9,DEF,Kill,795.1,838.12
11,1146,Player_9,DEF,Utility,580.71,536.29
11,1146,Player_9,DEF,Kill,774.0,831.81
11,1146,Player_6,DEF,Kill,512.71,510.45
11,1146,Player_1,ATK,Death,765.88,902.57
11,1146,Player_8,DEF,Death,401.07,446.4
11,1146,Player_8,DEF,Death,553.72,537.5
11,1146,Player_7,DEF,Utility,759.0,752.0
11,1146,Player_3,ATK,Move,162.37,260.78
11,1147,Player_2,ATK,Death,219.65,201.01
11,1147,Player_1,ATK,Utility,487.0,95.0
11,1147,Player_5,ATK,Move,220.21,142.04
11,1147,Player_6,DEF,Utility,568.07,403.39
11,1148,Player_6,DEF,Utility,512.0,757.0
11,1148,Player_7,DEF,Move,291.19,515.21
11,1148,Player_8,DEF,Kill,228.46,196.49
11,1148,Player_1,ATK,Death,95.01,156.47
11,1148,Player_3,ATK,Death,718.85,767.23
11,1149,Player_3,ATK,Utility,517.38,455.53
11,1149,Player_2,ATK,Move,421.28,421.56
11,1150,Player_3,ATK,Death,508.44,495.9
11,1150,Player_9,DEF,Kill,757.47,671.09
11,1150,Player_9,DEF,Move,731.76,803.87
11,1150,Player_10,DEF,Utility,572.7,405.14
11,1150,Player_5,ATK,Utility,726.68,705.52
11,1150,Player_7,DEF,Kill,769.44,827.94
11,1150,Player_2,ATK,Move,35.0,285.0
11,1150,Player_5,ATK,Move,216.82,215.4
11,1150,Player_2,ATK,Utility,203.12,287.5
11,1150,Player_7,DEF,Kill,432.48,426.85
11,1150,Player_5,ATK,Kill,449.17,412.33
11,1151,Player_1,ATK,Kill,246.11,118.38
11,1151,Player_7,DEF,Kill,168.95,168.46
11,1151,Player_2,ATK,Kill,744.81,826.94
11,1152,Player_2,ATK,Move,206.0,650.0
11,1152,Player_3,ATK,Utility,876.02,850.24
11,1152,Player_6,DEF,Death,739.89,807.25
11,1152,Player_1,ATK,Utility,210.79,160.0
11,1152,Player_4,ATK,Death,752.41,766.05
11,1153,Player_1,ATK,Utility,383.34,442.48
11,1153,Player_5,ATK,Kill,549.82,571.62
11,1153,Player_4,ATK,Move,1.0,934.0
11,1153,Player_10,DEF,Utility,520.71,512.78
11,1154,Player_7,DEF,Move,586.08,487.01
11,1154,Player_7,DEF,Kill,790.79,819.3
11,1154,Player_6,DEF,Kill,710.47,857.29
11,1155,Player_1,ATK,Kill,300.03,246.62
11,1155,Player_9,DEF,Death,806.82,821.82
11,1155,Player_9,DEF,Utility,467.0,318.0
11,1155,Player_10,DEF,Utility,791.59,972.07
11,1155,Player_4,ATK,Move,835.42,803.53
11,1155,Player_2,ATK,Move,843.21,830.04
11,1156,Player_2,ATK,Utility,493.33,516.07
11,1156,Player_8,DEF,Kill,261.41,329.42
11,1156,Player_5,ATK,Utility,161.94,225.39
11,1156,Player_10,DEF,Move,325.21,190.89
11,1157,Player_4,ATK,Kill,553.37,589.69
11,1157,Player_10,DEF,Kill,727.34,739.54
11,1158,Player_2,ATK,Death,757.89,838.55
11,1158,Player_1,ATK,Death,782.25,949.19
11,1158,Player_4,ATK,Death,433.99,382.36
11,1158,Player_7,DEF,Kill,777.58,819.99
11,1158,Player_9,DEF,Utility,684.05,525.92
11,1158,Player_4,ATK,Move,897.83,795.3
11,1158,Player_1,ATK,Move,450.77,458.64
11,1158,Player_9,DEF,Death,766.42,807.59
11,1158,Player_8,DEF,Death,596.79,528.68
11,1159,Player_2,ATK,Kill,780.69,764.35
11,1159,Player_2,ATK,Move,295.13,450.83
11,1159,Player_3,ATK,Move,937.0,521.0
11,1160,Player_4,ATK,Utility,288.0,698.0
11,1160,Player_8,DEF,Utility,633.72,661.91
11,1160,Player_2,ATK,Kill,780.58,798.21
11,1160,Player_3,ATK,Kill,157.85,234.51
11,1160,Player_5,ATK,Move,288.0,985.0
11,1161,Player_1,ATK,Utility,336.0,654.0
11,1161,Player_5,ATK,Move,436.0,31.0
11,1161,Player_8,DEF,Kill,815.05,832.22
11,1161,Player_5,ATK,Move,860.25,663.74
11,1161,Player_4,ATK,Kill,160.38,145.95
11,1161,Player_8,DEF,Kill,737.55,821.74
11,1161,Player_7,DEF,Kill,210.22,269.69
11,1162,Player_5,ATK,Death,769.09,764.53
11,1162,Player_9,DEF,Utility,717.41,775.05
11,1162,Player_10,DEF,Kill,206.93,164.72
11,1162,Player_1,ATK,Death,551.24,419.66
11,1162,Player_2,ATK,Kill,215.31,277.66
11,1162,Player_10,DEF,Death,226.19,175.78
11,1162,Player_8,DEF,Death,765.69,791.05
11,1162,Player_9,DEF,Kill,91.53,202.93
11,1162,Player_7,DEF,Utility,113.5,185.98
11,1163,Player_2,ATK,Utility,817.9,758.64
11,1163,Player_8,DEF,Death,700.49,757.78
11,1163,Player_8,DEF,Kill,165.84,256.3
11,1163,Player_10,DEF,Kill,816.98,755.25
11,1163,Player_9,DEF,Utility,605.17,598.02
11,1164,Player_5,ATK,Utility,900.0,431.0
11,1164,Player_8,DEF,Death,342.17,137.83
11,1164,Player_3,ATK,Kill,740.99,892.58
11,1164,Player_4,ATK,Utility,759.02,787.57
11,1164,Player_5,ATK,Move,899.0,548.0
11,1164,Player_2,ATK,Move,326.15,279.72
11,1165,Player_3,ATK,Utility,652.0,417.0
11,1165,Player_10,DEF,Utility,240.91,356.83
11,1165,Player_2,ATK,Death,96.59,158.55
11,1165,Player_3,ATK,Utility,793.0,338.0
11,1165,Player_3,ATK,Death,238.45,218.53
11,1165,Player_8,DEF,Utility,466.78,513.84
11,1165,Player_4,ATK,Death,129.46,146.43
11,1166,Player_8,DEF,Death,836.57,874.87
11,1166,Player_3,ATK,Move,917.0,545.0
11,1166,Player_2,ATK,Kill,516.69,436.27
11,1166,Player_6,DEF,Death,574.55,490.96
11,1166,Player_9,DEF,Move,646.0,385.0
11,1166,Player_2,ATK,Kill,482.03,493.72
11,1166,Player_8,DEF,Kill,492.5,505.86
11,1166,Player_8,DEF,Utility,795.82,902.05
11,1167,Player_9,DEF,Move,129.25,186.79
11,1167,Player_4,ATK,Move,746.91,799.63
11,1168,Player_3,ATK,Move,822.09,797.37
11,1168,Player_2,ATK,Kill,773.98,808.55
11,1168,Player_9,DEF,Death,143.94,189.68
11,1169,Player_2,ATK,Utility,155.03,390.46
11,1169,Player_1,ATK,Utility,244.41,158.03
11,1169,Player_5,ATK,Move,369.32,170.53
11,1169,Player_3,ATK,Kill,216.73,218.9
11,1170,Player_7,DEF,Utility,573.29,645.69
11,1170,Player_9,DEF,Kill,393.02,319.74
11,1170,Player_4,ATK,Utility,277.19,157.54
11,1170,Player_10,DEF,Kill,515.71,518.38
11,1170,Player_8,DEF,Kill,802.51,792.06
11,1171,Player_3,ATK,Kill,580.31,568.31
11,1171,Player_1,ATK,Death,802.13,748.37
11,1171,Player_3,ATK,Utility,313.18,444.81
11,1171,Player_6,DEF,Utility,137.0,69.0
11,1171,Player_1,ATK,Move,600.86,672.21
11,1171,Player_3,ATK,Utility,811.0,667.0
11,1172,Player_4,ATK,Move,679.49,959.14
11,1172,Player_3,ATK,Death,178.04,232.82
11,1172,Player_4,ATK,Death,193.35,235.3
11,1172,Player_9,DEF,Move,54.0,642.0
11,1172,Player_10,DEF,Utility,399.0,431.0
11,1172,Player_8,DEF,Move,596.65,535.31
11,1173,Player_5,ATK,Death,551.87,499.3
11,1173,Player_8,DEF,Death,507.77,504.16
11,1173,Player_1,ATK,Utility,845.0,302.0
11,1173,Player_7,DEF,Death,525.57,556.45
11,1174,Player_2,ATK,Move,0.0,87.82
11,1174,Player_8,DEF,Move,498.0,679.0
11,1174,Player_5,ATK,Utility,240.78,47.7
11,1175,Player_3,ATK,Utility,827.69,857.7
11,1175,Player_9,DEF,Move,663.07,683.9
11,1176,Player_3,ATK,Death,526.85,470.84
11,1176,Player_5,ATK,Kill,146.34,166.59
11,1176,Player_4,ATK,Move,342.61,294.33
11,1176,Player_5,ATK,Kill,128.77,236.29
11,1176,Player_6,DEF,Death,394.53,551.43
11,1176,Player_6,DEF,Death,812.94,777.37
11,1176,Player_6,DEF,Utility,721.54,903.8
11,1176,Player_2,ATK,Kill,500.65,493.71
11,1177,Player_8,DEF,Move,640.06,740.53
11,1177,Player_3,ATK,Kill,210.7,128.53
11,1177,Player_7,DEF,Move,724.54,657.03
11,1177,Player_2,ATK,Utility,77.0,430.0
11,1177,Player_1,ATK,Kill,532.43,548.25
11,1178,Player_6,DEF,Move,108.0,798.0
11,1178,Player_7,DEF,Kill,409.73,578.41
11,1178,Player_9,DEF,Kill,484.51,545.33
11,1178,Player_1,ATK,Move,101.0,454.0
11,1178,Player_10,DEF,Utility,106.09,319.17
11,1179,Player_10,DEF,Kill,756.71,791.33
11,1180,Player_8,DEF,Utility,609.29,576.8
11,1180,Player_5,ATK,Utility,828.28,763.86
11,1180,Player_4,ATK,Kill,698.63,753.31
11,1181,Player_6,DEF,Kill,517.71,449.88
11,1181,Player_2,ATK,Utility,102.7,114.16
11,1181,Player_5,ATK,Move,249.88,347.53
11,1181,Player_3,ATK,Move,740.08,804.85
11,1181,Player_1,ATK,Kill,803.05,861.11
11,1182,Player_7,DEF,Utility,404.0,741.0
11,1182,Player_5,ATK,Death,158.73,318.47
11,1182,Player_1,ATK,Move,725.0,828.0
11,1182,Player_5,ATK,Utility,543.76,552.74
11,1183,Player_2,ATK,Kill,158.85,237.75
11,1183,Player_3,ATK,Utility,442.53,467.88
11,1184,Player_7,DEF,Death,187.77,229.0
11,1184,Player_1,ATK,Utility,363.25,454.95
11,1184,Player_5,ATK,Kill,867.9,805.32
11,1184,Player_1,ATK,Death,534.11,505.89
11,1184,Player_3,ATK,Kill,762.99,746.49
11,1184,Player_9,DEF,Move,468.27,112.99
11,1184,Player_1,ATK,Move,383.44,393.58
11,1185,Player_4,ATK,Utility,456.65,554.53
11,1185,Player_10,DEF,Death,294.17,179.04
11,1185,Player_5,ATK,Death,116.87,205.28
11,1186,Player_3,ATK,Kill,190.56,203.29
11,1186,Player_9,DEF,Death,518.24,485.32
11,1186,Player_1,ATK,Move,846.14,730.19
11,1186,Player_8,DEF,Death,265.94,261.38
11,1186,Player_4,ATK,Death,868.97,810.09
11,1186,Player_9,DEF,Death,803.57,787.95
11,1187,Player_4,ATK,Utility,399.07,284.3
11,1187,Player_1,ATK,Utility,48.0,241.0
11,1187,Player_4,ATK,Utility,680.92,681.51
11,1187,Player_4,ATK,Kill,223.89,184.66
11,1187,Player_5,ATK,Move,157.32,113.13
11,1187,Player_10,DEF,Death,459.65,427.18
11,1187,Player_6,DEF,Death,784.88,877.28
11,1187,Player_3,ATK,Kill,312.79,184.74
11,1187,Player_2,ATK,Move,669.75,612.45
11,1187,Player_1,ATK,Death,133.79,153.59
11,1187,Player_9,DEF,Utility,589.17,802.0
11,1187,Player_7,DEF,Kill,282.34,86.28
11,1187,Player_5,ATK,Move,396.39,597.85
11,1188,Player_7,DEF,Move,300.47,222.41
11,1188,Player_9,DEF,Kill,129.25,212.01
11,1188,Player_8,DEF,Kill,813.59,850.99
11,1188,Player_7,DEF,Death,234.5,111.63
11,1188,Player_2,ATK,Move,654.0,492.0
11,1189,Player_5,ATK,Death,837.54,779.83
11,1189,Player_4,ATK,Kill,873.69,814.1
11,1189,Player_8,DEF,Utility,556.0,3.0
11,1189,Player_7,DEF,Death,483.57,461.01
11,1190,Player_2,ATK,Utility,688.0,227.0
11,1190,Player_8,DEF,Utility,468.64,563.65
11,1190,Player_7,DEF,Kill,215.51,116.3
11,1190,Player_1,ATK,Death,202.92,231.8
11,1190,Player_4,ATK,Death,173.4,237.7
11,1190,Player_7,DEF,Move,322.02,457.15
11,1190,Player_10,DEF,Move,31.0,415.0
11,1190,Player_5,ATK,Death,516.64,409.38
11,1190,Player_7,DEF,Kill,776.13,783.39
11,1191,Player_9,DEF,Death,513.07,523.48
11,1191,Player_6,DEF,Death,88.92,123.66
11,1191,Player_6,DEF,Move,254.64,225.09
11,1191,Player_2,ATK,Utility,857.09,873.93
11,1191,Player_8,DEF,Move,147.0,95.0
11,1192,Player_5,ATK,Kill,446.19,519.8
11,1192,Player_9,DEF,Move,279.0,909.0
11,1192,Player_10,DEF,Kill,204.44,139.89
11,1192,Player_3,ATK,Move,577.87,700.55
11,1192,Player_5,ATK,Move,371.59,219.57
11,1192,Player_1,ATK,Death,427.63,431.84
11,1192,Player_6,DEF,Kill,489.61,529.99
11,1193,Player_3,ATK,Death,868.49,760.29
11,1193,Player_8,DEF,Death,116.6,198.23
11,1193,Player_4,ATK,Move,679.9,499.56
11,1193,Player_9,DEF,Kill,165.42,182.2
11,1194,Player_3,ATK,Utility,381.0,400.0
11,1194,Player_8,DEF,Utility,176.4,322.83
11,1194,Player_5,ATK,Kill,870.1,835.13
11,1194,Player_8,DEF,Move,260.0,145.0
11,1194,Player_8,DEF,Move,329.0,448.0
11,1195,Player_6,DEF,Death,165.79,197.69
11,1195,Player_6,DEF,Death,181.08,199.05
11,1195,Player_8,DEF,Death,298.91,261.27
11,1195,Player_1,ATK,Kill,177.28,180.01
11,1195,Player_9,DEF,Death,230.83,201.7
11,1196,Player_1,ATK,Utility,637.0,873.0
11,1196,Player_3,ATK,Move,323.99,390.35
11,1196,Player_5,ATK,Death,837.15,835.79
11,1197,Player_2,ATK,Utility,332.0,951.0
11,1197,Player_10,DEF,Death,801.96,752.16
11,1197,Player_8,DEF,Utility,466.41,570.3
11,1197,Player_6,DEF,Move,292.22,385.3
11,1197,Player_4,ATK,Utility,169.0,560.0
11,1197,Player_6,DEF,Utility,248.0,397.0
11,1197,Player_1,ATK,Death,268.81,134.64
11,1197,Player_6,DEF,Utility,658.44,651.9
11,1197,Player_6,DEF,Kill,782.29,886.29
11,1198,Player_8,DEF,Utility,279.83,476.15
11,1198,Player_9,DEF,Death,229.08,114.2
11,1198,Player_7,DEF,Kill,590.26,504.92
11,1198,Player_8,DEF,Death,425.58,480.5
11,1198,Player_5,ATK,Death,178.58,213.76
11,1198,Player_6,DEF,Death,767.96,774.99
11,1199,Player_7,DEF,Kill,491.58,439.99
11,1199,Player_8,DEF,Move,455.0,701.0
12,1200,Player_9,DEF,Utility,956.0,329.0
12,1200,Player_7,DEF,Move,417.36,326.22
12,1200,Player_4,ATK,Utility,686.0,145.0
12,1200,Player_1,ATK,Move,532.61,593.74
12,1201,Player_6,DEF,Move,844.0,658.0
12,1201,Player_9,DEF,Death,496.36,539.71
12,1201,Player_9,DEF,Utility,365.62,507.57
12,1201,Player_2,ATK,Death,179.73,192.02
12,1202,Player_8,DEF,Utility,658.0,574.0
12,1202,Player_8,DEF,Kill,246.4,194.29
12,1202,Player_3,ATK,Move,468.71,452.96
12,1202,Player_4,ATK,Move,611.0,225.0
12,1202,Player_4,ATK,Death,209.8,190.37
12,1202,Player_8,DEF,Death,506.01,465.29
12,1202,Player_9,DEF,Death,206.77,197.73
12,1203,Player_8,DEF,Death,504.85,504.75
12,1203,Player_9,DEF,Death,760.74,786.33
12,1204,Player_8,DEF,Move,665.61,596.14
12,1204,Player_10,DEF,Move,826.71,1000.0
12,1204,Player_3,ATK,Kill,771.77,761.09
12,1204,Player_1,ATK,Move,354.22,436.29
12,1204,Player_8,DEF,Move,315.52,251.06
12,1204,Player_4,ATK,Move,930.0,618.0
12,1204,Player_4,ATK,Kill,245.51,190.5
12,1204,Player_3,ATK,Death,773.1,784.6
12,1205,Player_4,ATK,Move,436.0,423.99
12,1205,Player_1,ATK,Death,132.46,127.76
12,1205,Player_8,DEF,Move,33.0,365.0
12,1205,Player_10,DEF,Kill,543.75,512.35
12,1205,Player_2,ATK,Utility,519.0,125.0
12,1205,Player_5,ATK,Kill,433.23,498.92
12,1206,Player_6,DEF,Move,812.0,217.0
12,1206,Player_8,DEF,Move,680.0,615.0
12,1206,Player_3,ATK,Utility,697.79,839.9
12,1207,Player_2,ATK,Utility,159.06,104.45
12,1207,Player_7,DEF,Utility,207.0,979.0
12,1207,Player_10,DEF,Death,557.34,458.14
12,1207,Player_1,ATK,Death,188.03,149.44
12,1207,Player_8,DEF,Kill,846.46,947.57
12,1207,Player_7,DEF,Move,351.87,434.95
12,1207,Player_4,ATK,Move,632.6,547.27
12,1207,Player_3,ATK,Death,558.49,506.39
12,1207,Player_4,ATK,Death,836.03,774.19
12,1207,Player_7,DEF,Utility,264.32,213.05
12,1208,Player_1,ATK,Death,115.17,121.13
12,1208,Player_6,DEF,Move,986.0,622.0
12,1208,Player_9,DEF,Utility,500.4,531.37
12,1208,Player_6,DEF,Move,871.0,290.0
12,1209,Player_7,DEF,Death,247.79,193.88
12,1209,Player_3,ATK,Utility,713.93,844.33
12,1209,Player_3,ATK,Utility,448.92,420.26
12,1209,Player_1,ATK,Move,760.92,667.68
12,1209,Player_3,ATK,Utility,281.0,187.0
12,1210,Player_9,DEF,Kill,467.44,572.03
12,1210,Player_3,ATK,Kill,183.56,265.28
12,1210,Player_3,ATK,Death,115.82,209.68
12,1210,Player_6,DEF,Utility,310.0,900.0
12,1210,Player_6,DEF,Kill,186.41,234.26
12,1210,Player_3,ATK,Move,288.95,247.27
12,1211,Player_7,DEF,Utility,775.31,898.73
12,1211,Player_10,DEF,Death,743.26,797.69
12,1211,Player_3,ATK,Utility,602.95,540.02
12,1211,Player_3,ATK,Utility,475.88,450.48
12,1212,Player_6,DEF,Kill,499.79,474.68
12,1212,Player_1,ATK,Death,299.04,174.49
12,1212,Player_7,DEF,Death,819.34,803.77
12,1213,Player_8,DEF,Death,761.72,751.37
12,1213,Player_1,ATK,Kill,268.07,145.98
12,1213,Player_7,DEF,Death,781.1,758.14
12,1213,Player_4,ATK,Death,521.12,563.29
12,1215,Player_5,ATK,Move,515.0,589.0
12,1215,Player_1,ATK,Death,517.53,445.32
12,1215,Player_3,ATK,Utility,80.34,319.28
12,1215,Player_6,DEF,Kill,829.73,761.78
12,1215,Player_1,ATK,Move,643.24,566.58
12,1216,Player_3,ATK,Kill,803.37,789.82
12,1216,Player_8,DEF,Kill,766.73,818.39
12,1216,Player_4,ATK,Death,492.75,453.48
12,1216,Player_5,ATK,Utility,792.63,800.55
12,1216,Player_6,DEF,Move,594.16,701.7
12,1216,Player_2,ATK,Utility,525.94,441.01
12,1216,Player_6,DEF,Utility,317.01,290.19
12,1217,Player_2,ATK,Kill,480.88,460.55
12,1217,Player_5,ATK,Kill,761.19,786.4
12,1217,Player_9,DEF,Kill,792.97,882.85
12,1217,Player_4,ATK,Move,572.52,649.48
12,1217,Player_1,ATK,Death,525.96,496.69
12,1218,Player_10,DEF,Death,724.97,793.81
12,1218,Player_1,ATK,Kill,517.27,616.11
12,1218,Player_8,DEF,Utility,181.0,409.0
12,1218,Player_9,DEF,Utility,754.77,758.36
12,1218,Player_2,ATK,Kill,568.69,487.95
12,1218,Player_3,ATK,Kill,250.09,284.49
12,1218,Player_5,ATK,Death,249.16,283.24
12,1218,Player_4,ATK,Move,510.5,448.73
12,1218,Player_2,ATK,Death,512.14,404.51
12,1218,Player_3,ATK,Death,423.47,467.73
12,1219,Player_2,ATK,Kill,898.91,861.14
12,1219,Player_1,ATK,Move,766.37,597.41
12,1220,Player_8,DEF,Kill,473.27,482.79
12,1220,Player_9,DEF,Death,826.3,879.08
12,1220,Player_4,ATK,Utility,807.66,750.67
12,1220,Player_7,DEF,Death,206.85,324.75
12,1221,Player_9,DEF,Move,611.11,392.21
12,1221,Player_2,ATK,Move,817.0,129.0
12,1221,Player_1,ATK,Utility,583.82,591.54
12,1221,Player_6,DEF,Utility,542.13,682.27
12,1221,Player_7,DEF,Kill,774.78,751.56
12,1222,Player_3,ATK,Kill,764.9,815.23
12,1222,Player_10,DEF,Kill,513.02,475.42
12,1222,Player_3,ATK,Death,494.67,475.72
12,1222,Player_5,ATK,Death,453.47,482.88
12,1222,Player_3,ATK,Utility,376.83,499.41
12,1223,Player_4,ATK,Utility,589.06,624.8
12,1223,Player_6,DEF,Kill,757.34,740.3
12,1223,Player_6,DEF,Utility,387.84,579.26
12,1224,Player_5,ATK,Utility,827.21,697.81
12,1224,Player_3,ATK,Kill,860.97,791.47
12,1224,Player_7,DEF,Death,240.56,202.07
12,1224,Player_9,DEF,Kill,528.22,557.0
12,1224,Player_6,DEF,Death,231.65,103.15
12,1224,Player_2,ATK,Death,795.95,741.85
12,1225,Player_3,ATK,Kill,184.21,295.26
12,1225,Player_8,DEF,Kill,768.26,837.61
12,1225,Player_7,DEF,Utility,419.18,199.81
12,1225,Player_7,DEF,Kill,716.97,781.06
12,1226,Player_7,DEF,Kill,247.98,130.31
12,1226,Player_10,DEF,Kill,758.33,939.57
12,1226,Player_8,DEF,Kill,808.3,776.34
12,1226,Player_7,DEF,Death,796.9,856.63
12,1226,Player_9,DEF,Move,211.31,203.1
12,1226,Player_4,ATK,Move,312.0,364.0
12,1226,Player_10,DEF,Move,248.45,313.36
12,1226,Player_7,DEF,Death,139.69,242.34
12,1227,Player_5,ATK,Move,254.84,114.98
12,1227,Player_9,DEF,Move,872.09,805.22
12,1227,Player_2,ATK,Death,238.6,124.69
12,1227,Player_5,ATK,Death,444.78,451.4
12,1227,Player_7,DEF,Death,224.1,116.33
12,1228,Player_2,ATK,Death,846.64,750.55
12,1228,Player_3,ATK,Utility,297.65,230.29
12,1228,Player_7,DEF,Utility,692.73,624.59
12,1228,Player_2,ATK,Move,451.01,610.34
12,1228,Player_4,ATK,Death,802.66,746.93
12,1229,Player_9,DEF,Move,292.17,129.89
12,1229,Player_8,DEF,Kill,500.91,435.65
12,1229,Player_1,ATK,Move,239.08,193.34
12,1229,Player_2,ATK,Move,243.33,453.61
12,1229,Player_3,ATK,Utility,416.53,387.16
12,1229,Player_10,DEF,Utility,904.0,881.0
12,1229,Player_7,DEF,Death,485.21,516.26
12,1229,Player_7,DEF,Kill,802.83,845.09
12,1230,Player_6,DEF,Utility,826.0,228.0
12,1230,Player_9,DEF,Death,97.08,276.38
12,1230,Player_3,ATK,Move,496.25,502.03
12,1230,Player_3,ATK,Death,538.44,451.57
12,1230,Player_10,DEF,Kill,228.47,186.19
12,1230,Player_6,DEF,Kill,864.32,805.35
12,1230,Player_7,DEF,Death,804.89,834.3
12,1231,Player_4,ATK,Kill,180.44,199.02
12,1231,Player_8,DEF,Death,784.67,735.32
12,1231,Player_6,DEF,Utility,249.44,322.18
12,1231,Player_10,DEF,Kill,238.8,141.01
12,1231,Player_9,DEF,Utility,146.0,335.0
12,1231,Player_5,ATK,Utility,854.83,896.14
12,1231,Player_3,ATK,Move,435.57,422.61
12,1232,Player_4,ATK,Kill,533.96,550.83
12,1232,Player_10,DEF,Utility,252.0,893.0
12,1233,Player_8,DEF,Kill,569.51,518.3
12,1233,Player_5,ATK,Move,811.09,794.2
12,1233,Player_1,ATK,Kill,164.72,234.15
12,1233,Player_3,ATK,Death,129.53,159.64
12,1233,Player_1,ATK,Move,644.71,541.57
12,1233,Player_10,DEF,Kill,230.46,224.6
12,1234,Player_1,ATK,Move,755.1,648.65
12,1234,Player_1,ATK,Death,462.4,493.05
12,1234,Player_7,DEF,Utility,953.0,231.0
12,1234,Player_5,ATK,Death,525.69,473.21
12,1234,Player_8,DEF,Death,862.41,862.93
12,1234,Player_6,DEF,Move,623.75,594.09
12,1235,Player_9,DEF,Utility,229.0,369.0
12,1235,Player_3,ATK,Death,763.24,864.06
12,1235,Player_2,ATK,Kill,773.99,786.05
12,1236,Player_3,ATK,Kill,166.4,202.63
12,1236,Player_8,DEF,Death,845.7,813.69
12,1236,Player_5,ATK,Kill,787.93,786.11
12,1236,Player_6,DEF,Kill,571.63,512.18
12,1236,Player_9,DEF,Utility,694.92,770.79
12,1237,Player_2,ATK,Utility,302.83,151.79
12,1237,Player_6,DEF,Utility,880.0,581.0
12,1237,Player_5,ATK,Kill,780.49,783.31
12,1237,Player_5,ATK,Kill,813.56,765.68
12,1238,Player_4,ATK,Utility,530.14,454.61
12,1238,Player_4,ATK,Utility,714.0,83.0
12,1238,Player_1,ATK,Move,385.92,449.86
12,1238,Player_3,ATK,Death,774.85,852.02
12,1239,Player_1,ATK,Kill,573.21,586.53
12,1239,Player_3,ATK,Move,150.94,242.35
12,1239,Player_5,ATK,Utility,614.07,689.02
12,1239,Player_4,ATK,Utility,389.0,907.0
12,1239,Player_7,DEF,Death,530.57,426.66
12,1240,Player_7,DEF,Death,507.65,462.86
12,1240,Player_5,ATK,Utility,14.0,388.0
12,1240,Player_10,DEF,Move,264.0,760.0
12,1241,Player_6,DEF,Kill,812.48,842.9
12,1241,Player_1,ATK,Kill,248.52,238.18
12,1241,Player_5,ATK,Move,490.88,535.76
12,1241,Player_10,DEF,Death,190.42,169.38
12,1241,Player_3,ATK,Move,662.0,393.0
12,1241,Player_2,ATK,Utility,17.0,628.0
12,1241,Player_9,DEF,Utility,845.94,797.23
12,1242,Player_10,DEF,Utility,905.0,406.0
12,1242,Player_1,ATK,Death,394.35,519.49
12,1243,Player_10,DEF,Move,302.0,489.0
12,1243,Player_4,ATK,Death,793.94,895.04
12,1243,Player_3,ATK,Death,187.92,239.22
12,1243,Player_10,DEF,Death,800.95,800.12
12,1244,Player_4,ATK,Death,848.86,842.88
12,1245,Player_9,DEF,Kill,194.74,239.27
12,1245,Player_9,DEF,Utility,764.85,495.62
12,1245,Player_7,DEF,Kill,884.02,842.06
12,1245,Player_3,ATK,Move,647.99,634.48
12,1245,Player_8,DEF,Kill,159.52,133.56
12,1245,Player_10,DEF,Kill,232.97,154.3
12,1245,Player_3,ATK,Death,252.83,207.91
12,1246,Player_8,DEF,Death,853.73,806.43
12,1246,Player_5,ATK,Kill,171.5,143.31
12,1246,Player_5,ATK,Death,193.13,215.76
12,1246,Player_10,DEF,Move,807.96,774.94
12,1246,Player_3,ATK,Utility,477.88,714.03
12,1247,Player_5,ATK,Utility,936.0,418.0
12,1247,Player_3,ATK,Kill,174.18,160.92
12,1247,Player_3,ATK,Death,524.91,516.95
12,1247,Player_4,ATK,Utility,127.0,487.0
12,1247,Player_5,ATK,Move,672.51,496.65
12,1247,Player_3,ATK,Utility,716.0,657.0
12,1247,Player_10,DEF,Kill,232.15,130.7
12,1247,Player_3,ATK,Move,432.01,408.48
12,1248,Player_4,ATK,Kill,143.26,129.91
12,1248,Player_1,ATK,Utility,140.0,732.0
12,1248,Player_2,ATK,Kill,246.97,299.71
12,1248,Player_7,DEF,Utility,326.55,371.44
12,1248,Player_3,ATK,Death,476.56,542.93
12,1248,Player_2,ATK,Utility,636.1,702.97
12,1248,Player_3,ATK,Utility,426.0,84.0
12,1249,Player_8,DEF,Kill,542.44,518.23
12,1249,Player_1,ATK,Utility,132.0,653.0
12,1249,Player_7,DEF,Move,548.4,594.89
12,1249,Player_9,DEF,Utility,528.46,477.58
12,1249,Player_1,ATK,Utility,950.72,800.3
12,1250,Player_6,DEF,Utility,110.0,18.0
12,1250,Player_8,DEF,Kill,689.17,883.19
12,1250,Player_4,ATK,Move,763.0,5.0
12,1250,Player_7,DEF,Death,233.33,211.14
12,1250,Player_2,ATK,Kill,538.31,418.96
12,1251,Player_8,DEF,Utility,189.23,189.53
12,1251,Player_4,ATK,Kill,450.56,474.93
12,1251,Player_7,DEF,Move,954.9,708.6
12,1251,Player_3,ATK,Move,667.09,509.27
12,1251,Player_4,ATK,Utility,579.98,456.61
12,1252,Player_4,ATK,Death,805.58,842.79
12,1252,Player_9,DEF,Kill,261.98,203.94
12,1252,Player_10,DEF,Kill,692.29,735.9
12,1252,Player_5,ATK,Death,756.82,903.03
12,1252,Player_6,DEF,Move,740.05,769.07
12,1252,Player_2,ATK,Death,517.08,437.62
12,1252,Player_9,DEF,Utility,350.34,404.8
12,1252,Player_6,DEF,Death,528.94,479.71
12,1253,Player_2,ATK,Utility,184.73,102.6
12,1253,Player_6,DEF,Utility,421.6,556.76
12,1253,Player_9,DEF,Kill,114.73,236.61
12,1253,Player_2,ATK,Death,823.84,703.26
12,1253,Player_10,DEF,Utility,885.0,268.0
12,1253,Player_8,DEF,Death,260.11,151.77
12,1253,Player_6,DEF,Move,740.0,498.0
12,1254,Player_5,ATK,Death,511.08,454.38
12,1254,Player_3,ATK,Kill,491.32,429.88
12,1254,Player_8,DEF,Utility,413.0,748.0
12,1254,Player_1,ATK,Utility,673.49,674.42
12,1254,Player_7,DEF,Utility,465.56,445.75
12,1254,Player_2,ATK,Kill,841.15,802.51
12,1255,Player_7,DEF,Utility,434.35,492.53
12,1255,Player_3,ATK,Move,199.17,208.54
12,1255,Player_3,ATK,Utility,900.03,794.18
12,1255,Player_1,ATK,Move,640.82,542.33
12,1255,Player_5,ATK,Move,514.67,653.57
12,1255,Player_6,DEF,Utility,615.0,389.0
12,1256,Player_1,ATK,Death,464.02,500.54
12,1256,Player_1,ATK,Move,213.19,200.88
12,1256,Player_6,DEF,Death,221.0,250.33
12,1256,Player_8,DEF,Utility,901.0,125.0
12,1256,Player_10,DEF,Utility,500.2,447.14
12,1256,Player_5,ATK,Utility,186.0,934.0
12,1256,Player_8,DEF,Utility,146.13,209.55
12,1256,Player_4,ATK,Utility,307.0,209.0
12,1257,Player_3,ATK,Death,828.6,863.37
12,1257,Player_5,ATK,Utility,33.0,752.0
12,1257,Player_5,ATK,Kill,817.5,756.6
12,1257,Player_3,ATK,Kill,775.12,831.29
12,1257,Player_10,DEF,Move,848.84,786.11
12,1257,Player_9,DEF,Death,796.64,845.72
12,1258,Player_1,ATK,Death,488.14,526.37
12,1258,Player_8,DEF,Kill,837.73,750.14
12,1258,Player_6,DEF,Move,495.61,489.95
12,1258,Player_1,ATK,Death,504.64,499.53
12,1258,Player_1,ATK,Move,554.02,482.39
12,1258,Player_6,DEF,Death,582.07,443.9
12,1258,Player_1,ATK,Utility,545.33,526.83
12,1259,Player_10,DEF,Kill,743.07,791.68
12,1259,Player_7,DEF,Move,833.0,709.0
12,1259,Player_1,ATK,Kill,488.3,438.61
12,1259,Player_9,DEF,Utility,217.0,194.0
12,1259,Player_1,ATK,Death,546.37,569.16
12,1260,Player_3,ATK,Death,464.62,562.55
12,1260,Player_5,ATK,Kill,822.26,847.52
12,1260,Player_2,ATK,Kill,168.83,208.57
12,1260,Player_9,DEF,Move,313.18,486.7
12,1261,Player_4,ATK,Death,505.78,465.69
12,1261,Player_8,DEF,Kill,439.17,464.61
12,1261,Player_10,DEF,Kill,173.55,137.65
12,1261,Player_9,DEF,Utility,943.74,890.19
12,1262,Player_5,ATK,Kill,589.06,376.6
12,1262,Player_9,DEF,Utility,341.12,279.49
12,1262,Player_9,DEF,Kill,519.18,558.63
12,1262,Player_6,DEF,Move,678.0,846.0
12,1262,Player_10,DEF,Move,410.39,440.31
12,1262,Player_8,DEF,Death,492.65,542.87
12,1262,Player_7,DEF,Death,802.29,831.89
12,1263,Player_7,DEF,Move,817.3,814.16
12,1263,Player_2,ATK,Utility,327.3,269.7
12,1263,Player_6,DEF,Move,549.0,710.0
12,1263,Player_7,DEF,Death,516.32,426.64
12,1263,Player_9,DEF,Move,912.0,442.0
12,1263,Player_2,ATK,Kill,243.76,207.64
12,1263,Player_6,DEF,Utility,728.0,585.0
12,1263,Player_3,ATK,Kill,747.33,866.18
12,1264,Player_9,DEF,Move,809.52,754.74
12,1264,Player_10,DEF,Move,585.49,748.65
12,1264,Player_3,ATK,Move,127.17,289.94
12,1264,Player_4,ATK,Death,780.17,801.74
12,1264,Player_6,DEF,Utility,305.0,667.0
12,1265,Player_2,ATK,Utility,370.58,250.73
12,1265,Player_4,ATK,Utility,220.74,237.13
12,1265,Player_5,ATK,Utility,236.32,505.61
12,1265,Player_3,ATK,Death,91.86,95.4
12,1265,Player_9,DEF,Utility,410.0,639.0
12,1265,Player_9,DEF,Death,201.67,233.5
12,1265,Player_5,ATK,Move,659.37,845.13
12,1266,Player_1,ATK,Utility,16.0,824.0
12,1266,Player_10,DEF,Kill,512.86,426.88
12,1266,Player_4,ATK,Utility,970.0,22.0
12,1267,Player_2,ATK,Kill,845.38,766.63
12,1267,Player_5,ATK,Utility,304.31,422.46
12,1267,Player_10,DEF,Death,192.44,278.01
12,1267,Player_9,DEF,Death,748.18,838.94
12,1267,Player_4,ATK,Kill,526.92,457.23
12,1267,Player_2,ATK,Utility,727.32,928.19
12,1267,Player_4,ATK,Death,436.05,489.75
12,1267,Player_5,ATK,Utility,407.43,442.65
12,1268,Player_5,ATK,Utility,336.95,376.07
12,1268,Player_10,DEF,Kill,520.09,548.37
12,1268,Player_6,DEF,Move,205.76,191.63
12,1268,Player_2,ATK,Move,708.3,754.93
12,1268,Player_7,DEF,Kill,308.3,193.18
12,1269,Player_2,ATK,Kill,746.08,690.32
12,1269,Player_9,DEF,Death,184.1,175.59
12,1269,Player_5,ATK,Move,564.35,604.47
12,1270,Player_9,DEF,Death,459.92,540.71
12,1270,Player_6,DEF,Utility,968.21,847.49
12,1270,Player_4,ATK,Death,187.91,88.76
12,1270,Player_7,DEF,Move,352.0,779.0
12,1270,Player_10,DEF,Kill,500.65,557.14
12,1270,Player_1,ATK,Move,293.89,490.45
12,1270,Player_5,ATK,Kill,782.41,832.99
12,1270,Player_9,DEF,Death,236.24,111.6
12,1270,Player_2,ATK,Utility,312.73,234.09
12,1270,Player_7,DEF,Death,221.66,202.01
12,1271,Player_7,DEF,Move,658.67,696.41
12,1272,Player_10,DEF,Death,466.38,452.79
12,1272,Player_6,DEF,Death,203.67,176.72
12,1272,Player_6,DEF,Utility,245.87,357.65
12,1272,Player_9,DEF,Kill,331.48,120.84
12,1272,Player_10,DEF,Utility,699.94,626.78
12,1272,Player_3,ATK,Utility,100.79,259.65
12,1272,Player_7,DEF,Utility,372.0,595.0
12,1273,Player_5,ATK,Move,378.0,707.0
12,1273,Player_2,ATK,Move,856.0,498.0
12,1274,Player_1,ATK,Kill,491.76,516.99
12,1274,Player_7,DEF,Kill,510.33,484.92
12,1274,Player_4,ATK,Kill,204.43,227.25
12,1274,Player_10,DEF,Death,474.41,434.23
12,1274,Player_8,DEF,Utility,824.91,811.19
12,1275,Player_8,DEF,Utility,592.72,629.2
12,1275,Player_8,DEF,Utility,456.0,626.0
12,1275,Player_5,ATK,Kill,432.81,469.91
12,1275,Player_6,DEF,Death,785.42,821.99
12,1275,Player_8,DEF,Utility,628.62,724.38
12,1276,Player_7,DEF,Utility,287.67,347.46
12,1276,Player_9,DEF,Kill,551.39,487.5
12,1276,Player_2,ATK,Move,367.0,401.0
12,1276,Player_5,ATK,Kill,735.67,864.52
12,1277,Player_10,DEF,Death,223.33,216.27
12,1277,Player_8,DEF,Kill,772.12,789.29
12,1277,Player_8,DEF,Death,211.27,207.97
12,1277,Player_6,DEF,Utility,858.0,177.0
12,1278,Player_2,ATK,Utility,701.33,714.08
12,1278,Player_8,DEF,Death,832.17,782.89
12,1278,Player_10,DEF,Move,237.62,340.11
12,1279,Player_2,ATK,Kill,140.57,223.89
12,1280,Player_5,ATK,Utility,230.25,612.64
12,1280,Player_7,DEF,Move,142.12,217.85
12,1280,Player_8,DEF,Kill,568.94,486.46
12,1280,Player_3,ATK,Utility,69.0,729.0
12,1280,Player_2,ATK,Death,741.19,819.27
12,1281,Player_6,DEF,Kill,201.96,244.65
12,1282,Player_3,ATK,Death,478.46,530.96
12,1282,Player_6,DEF,Kill,262.0,230.63
12,1282,Player_9,DEF,Death,438.59,464.28
12,1283,Player_1,ATK,Kill,812.38,867.11
12,1283,Player_6,DEF,Move,521.17,471.69
12,1283,Player_6,DEF,Death,839.03,873.19
12,1283,Player_6,DEF,Utility,318.27,261.04
12,1283,Player_10,DEF,Death,229.36,180.46
12,1283,Player_10,DEF,Utility,840.0,855.0
12,1283,Player_3,ATK,Kill,162.9,228.29
12,1284,Player_1,ATK,Death,860.84,740.82
12,1284,Player_5,ATK,Death,188.55,116.23
12,1284,Player_1,ATK,Utility,557.29,564.23
12,1284,Player_8,DEF,Death,503.78,475.66
12,1284,Player_2,ATK,Kill,796.73,798.04
12,1284,Player_3,ATK,Utility,381.0,839.0
12,1285,Player_7,DEF,Kill,883.53,796.39
12,1285,Player_4,ATK,Utility,761.37,841.03
12,1285,Player_7,DEF,Death,746.45,841.37
12,1285,Player_1,ATK,Death,241.59,217.22
12,1285,Player_10,DEF,Kill,508.89,532.06
12,1285,Player_7,DEF,Utility,746.52,817.04
12,1286,Player_3,ATK,Move,317.99,189.6
12,1286,Player_6,DEF,Kill,268.28,210.86
12,1286,Player_1,ATK,Utility,343.23,243.88
12,1286,Player_3,ATK,Utility,223.11,204.41
12,1286,Player_5,ATK,Utility,462.23,426.66
12,1287,Player_6,DEF,Utility,670.97,595.54
12,1287,Player_4,ATK,Move,436.03,508.52
12,1287,Player_2,ATK,Death,465.3,496.68
12,1287,Player_1,ATK,Move,536.7,651.86
12,1287,Player_2,ATK,Death,788.7,711.29
12,1288,Player_5,ATK,Death,757.34,866.06
12,1288,Player_10,DEF,Death,203.77,130.3
12,1288,Player_10,DEF,Move,283.75,59.89
12,1288,Player_8,DEF,Kill,175.35,111.02
12,1288,Player_2,ATK,Utility,101.43,279.02
12,1288,Player_4,ATK,Utility,92.0,196.0
12,1288,Player_5,ATK,Death,216.46,161.42
12,1289,Player_6,DEF,Utility,953.83,721.71
12,1289,Player_7,DEF,Move,450.27,595.5
12,1289,Player_4,ATK,Death,512.78,428.43
12,1290,Player_4,ATK,Utility,877.73,771.49
12,1290,Player_1,ATK,Death,564.85,562.85
12,1290,Player_7,DEF,Kill,462.78,554.38
12,1291,Player_3,ATK,Move,943.0,422.0
12,1291,Player_6,DEF,Kill,444.04,539.27
12,1291,Player_9,DEF,Kill,436.89,487.75
12,1291,Player_6,DEF,Move,371.25,310.64
12,1291,Player_7,DEF,Utility,677.0,334.0
12,1291,Player_9,DEF,Kill,796.27,755.9
12,1291,Player_3,ATK,Utility,775.28,688.16
12,1291,Player_7,DEF,Utility,723.0,22.0
12,1292,Player_1,ATK,Utility,480.71,259.3
12,1292,Player_4,ATK,Death,749.96,805.4
12,1292,Player_3,ATK,Death,435.57,498.3
12,1293,Player_1,ATK,Kill,145.9,275.74
12,1293,Player_4,ATK,Utility,841.32,789.82
12,1293,Player_3,ATK,Utility,418.54,441.25
12,1294,Player_3,ATK,Move,168.0,741.0
12,1294,Player_9,DEF,Move,939.82,865.66
12,1294,Player_2,ATK,Kill,457.69,502.66
12,1294,Player_6,DEF,Death,813.68,765.73
12,1294,Player_7,DEF,Utility,645.84,628.68
12,1295,Player_9,DEF,Move,682.0,875.0
12,1295,Player_5,ATK,Kill,525.67,536.69
12,1295,Player_9,DEF,Utility,541.31,481.19
12,1295,Player_9,DEF,Death,819.86,825.8
12,1295,Player_2,ATK,Utility,644.14,538.66
12,1295,Player_7,DEF,Death,485.16,601.61
12,1296,Player_10,DEF,Move,535.5,469.81
12,1296,Player_5,ATK,Kill,791.03,776.58
12,1296,Player_4,ATK,Utility,486.75,528.34
12,1297,Player_10,DEF,Utility,664.0,114.0
12,1297,Player_3,ATK,Move,872.0,894.0
12,1297,Player_7,DEF,Move,427.16,450.85
12,1297,Player_10,DEF,Kill,808.78,773.13
12,1297,Player_1,ATK,Utility,637.0,837.0
12,1297,Player_1,ATK,Move,118.13,209.17
12,1297,Player_6,DEF,Kill,482.19,513.77
12,1298,Player_10,DEF,Death,483.21,557.1
12,1299,Player_3,ATK,Death,223.24,196.54
12,1299,Player_9,DEF,Death,215.39,152.76
12,1299,Player_7,DEF,Utility,172.61,266.31
12,1299,Player_8,DEF,Kill,146.69,158.09
